1,2,'09-04-2021','04-06-2021'
2,13,'16-04-2021','07-06-2021'
3,14,'20-04-2021','09-06-2021'
4,27,'21-04-2021','10-06-2021'
5,49,'22-04-2021','11-06-2021'
6,64,'23-04-2021','14-06-2021'
7,65,'26-04-2021','15-06-2021'
8,81,'28-04-2021','18-06-2021'
9,107,'29-04-2021','21-06-2021'
10,114,'30-04-2021','22-06-2021'
11,127,'04-05-2021','02-06-2021'
12,132,'05-05-2021','03-06-2021'
13,143,'06-05-2021','04-06-2021'
14,144,'11-05-2021','07-06-2021'
15,152,'12-05-2021','09-06-2021'
16,162,'13-05-2021','10-06-2021'
17,165,'14-05-2021','11-06-2021'
18,172,'18-05-2021','15-06-2021'
19,191,'19-05-2021','17-06-2021'
20,201,'20-05-2021','21-06-2021'
21,202,'21-05-2021','02-06-2021'
22,210,'24-05-2021','04-06-2021'
23,219,'26-05-2021','07-06-2021'
24,225,'27-05-2021','08-06-2021'
25,236,'28-05-2021' ,'10-06-2021'
26,237,'09-04-2021','14-06-2021'
27,241,'12-04-2021','16-06-2021'
28,246,'15-04-2021','18-06-2021'
29,262,'19-04-2021','21-06-2021'
30,286,'22-04-2021','22-06-2021'
31,297,'23-04-2021','02-06-2021'
32,298,'26-04-2021','03-06-2021'
33,299,'13-04-2021','04-06-2021'
34,326,'15-04-2021','07-06-2021'
35,340,'16-04-2021','08-06-2021'
36,341,'19-04-2021','11-06-2021'
37,342,'20-04-2021','14-06-2021'
38,371,'22-04-2021','18-06-2021'
39,10,'04-09-2020','23-10-2020'
40,11,'15-09-2020','26-10-2020'
41,12,'23-09-2020','28-10-2020'
42,15,'28-09-2020','29-10-2020'
43,16,'29-09-2020','30-10-2020'
44,17,'05-10-2020','02-11-2020'
45,18,'13-10-2020','03-11-2020'
46,19,'14-10-2020','04-11-2020'
47,20,'16-10-2020','05-11-2020'
48,21,'19-10-2020' ,'09-11-2020'
49,22,'08-09-2020','26-10-2020'
50,23,'09-09-2020','27-10-2020'
51,24,'10-09-2020','29-10-2020'
52,25,'11-09-2020','30-10-2020'
53,26,'22-09-2020','02-11-2020'
54,28,'23-09-2020','04-11-2020'
55,29,'28-09-2020','05-11-2020'
56,30,'08-10-2020','06-11-2020'
57,31,'09-10-2020','09-11-2020'
58,32,'15-10-2020' ,'10-11-2020'
59,33,'03-09-2020','26-10-2020'
60,34,'04-09-2020','27-10-2020'
61,35,'10-09-2020','28-10-2020'
62,36,'11-09-2020','29-10-2020'
63,37,'21-09-2020','02-11-2020'
64,38,'01-10-2020','03-11-2020'
65,39,'09-10-2020','04-11-2020'
66,40,'12-10-2020','06-11-2020'
67,41,'14-10-2020','09-11-2020'
68,42,'20-10-2020' ,'10-11-2020'
69,43,'02-09-2020','26-10-2020'
70,44,'04-09-2020','27-10-2020'
71,45,'22-09-2020','29-10-2020'
72,46,'23-09-2020','30-10-2020'
73,47,'28-09-2020','03-11-2020'
74,48,'30-09-2020','04-11-2020'
75,50,'02-10-2020','05-11-2020'
76,51,'05-10-2020','06-11-2020'
77,52,'20-10-2020','09-11-2020'
78,53,'22-10-2020' ,'10-11-2020'
79,54,'04-09-2020','23-10-2020'
80,55,'14-09-2020','26-10-2020'
81,56,'17-09-2020','27-10-2020'
82,57,'21-09-2020','28-10-2020'
83,58,'30-09-2020','29-10-2020'
84,59,'01-10-2020','02-11-2020'
85,60,'15-10-2020','05-11-2020'
86,61,'19-10-2020','06-11-2020'
87,62,'20-10-2020','09-11-2020'
88,63,'21-10-2020' ,'10-11-2020'
89,66,'01-09-2020','23-10-2020'
90,67,'02-09-2020','27-10-2020'
91,68,'28-09-2020','28-10-2020'
92,69,'01-10-2020','29-10-2020'
93,70,'09-10-2020','02-11-2020'
94,71,'13-10-2020','03-11-2020'
95,72,'15-10-2020','04-11-2020'
96,73,'16-10-2020','06-11-2020'
97,74,'21-10-2020','09-11-2020'
98,75,'22-10-2020' ,'10-11-2020'
99,76,'07-09-2020','30-10-2020'
100,77,'09-09-2020' ,'03-11-2020'
