1,1,1,'17-12-2015'
2,2,5,'27-04-2016'
3,3,5,'28-04-2016'
4,4,4,'21-06-2016'
5,5,1,'14-12-2016'
6,6,2,'24-02-2017'
7,7,5,'01-05-2017'
8,8,5,'15-06-2017'
9,9,4,'18-01-2018'
10,10,2,'07-02-2018'
11,11,4,'21-03-2018'
12,12,2,'12-11-2018'
13,13,1,'23-02-2019'
14,14,3,'10-05-2019'
15,15,2,'03-08-2019'
16,16,5,'26-01-2020'
17,17,3,'20-04-2020'
18,18,5,'24-04-2020'
19,19,2,'21-05-2020'
20,20,1,'16-09-2020'
21,21,1,'22-10-2020'
22,22,2,'11-12-2020'
23,23,3,'20-12-2020'
24,24,1,'31-12-2020'
25,25,2,'02-01-2021' 
26,26,5,'04-10-2015'
27,27,2,'02-01-2016'
28,28,5,'09-01-2016'
29,29,2,'12-06-2016'
30,30,3,'28-07-2016'
31,31,1,'22-09-2016'
32,32,1,'15-02-2017'
33,33,1,'21-05-2017'
34,34,1,'02-06-2017'
35,35,1,'21-07-2017'
36,36,4,'29-10-2017'
37,37,2,'21-01-2018'
38,38,1,'29-05-2018'
39,39,3,'31-05-2018'
40,40,2,'13-06-2018'
41,41,5,'24-08-2018'
42,42,2,'06-10-2018'
43,43,1,'14-04-2019'
44,44,4,'09-08-2019'
45,45,5,'14-03-2020'
46,46,5,'04-06-2020'
47,47,4,'28-11-2020'
48,48,2,'19-12-2020'
49,49,1,'15-02-2021'
50,50,2,'23-02-2021' 
51,51,5,'24-01-2016'
52,52,2,'11-04-2016'
53,53,5,'01-08-2016'
54,54,5,'17-11-2016'
55,55,4,'11-01-2017'
56,56,3,'19-05-2017'
57,57,1,'02-01-2018'
58,58,4,'20-01-2018'
59,59,4,'15-02-2018'
60,60,4,'25-03-2018'
61,61,3,'14-09-2018'
62,62,4,'01-11-2018'
63,63,4,'03-03-2019'
64,64,5,'19-09-2019'
65,65,1,'13-10-2019'
66,66,1,'12-03-2020'
67,67,4,'25-03-2020'
68,68,5,'03-06-2020'
69,69,4,'18-06-2020'
70,70,4,'03-07-2020'
71,71,1,'28-07-2020'
72,72,4,'09-11-2020'
73,73,1,'30-12-2020'
74,74,4,'05-01-2021'
75,75,2,'21-03-2021' 
76,76,3,'09-10-2015'
77,77,1,'26-07-2016'
78,78,2,'14-10-2016'
79,79,3,'18-12-2016'
80,80,1,'08-02-2017'
81,81,2,'15-05-2017'
82,82,3,'12-07-2017'
83,83,5,'16-07-2017'
84,84,4,'31-08-2017'
85,85,4,'21-09-2017'
86,86,4,'24-10-2017'
87,87,2,'12-01-2018'
88,88,3,'22-04-2018'
89,89,1,'05-08-2018'
90,90,4,'16-09-2018'
91,91,2,'06-12-2018'
92,92,3,'31-03-2019'
93,93,2,'18-05-2019'
94,94,4,'05-08-2020'
95,95,2,'12-09-2020'
96,96,5,'22-09-2020'
97,97,2,'09-12-2020'
98,98,3,'03-01-2021'
99,99,5,'07-01-2021'
100,100,1,'13-01-2021' 
101,29,4,'02-10-2015'
102,61,5,'31-10-2015'
103,99,5,'29-11-2015'
104,85,4,'21-12-2015'
105,62,4,'09-01-2016'
106,79,4,'22-12-2016'
107,81,3,'04-05-2017'
108,56,5,'11-05-2017'
109,16,2,'13-07-2017'
110,19,4,'15-09-2017'
111,24,1,'28-09-2017'
112,45,3,'16-12-2017'
113,58,5,'02-04-2018'
114,85,4,'13-04-2018'
115,25,4,'30-04-2018'
116,46,1,'22-10-2018'
117,63,5,'14-04-2019'
118,33,3,'25-05-2019'
119,30,2,'14-06-2019'
120,21,3,'01-07-2019'
121,20,3,'06-07-2019'
122,33,3,'27-08-2019'
123,87,1,'12-09-2019'
124,28,3,'25-07-2020'
125,11,4,'08-09-2020' 
126,13,5,'06-10-2015'
127,31,3,'20-10-2015'
128,15,4,'04-01-2016'
129,14,4,'21-02-2016'
130,39,1,'21-03-2016'
131,41,5,'24-03-2016'
132,80,2,'13-05-2016'
133,39,4,'30-08-2016'
134,67,4,'26-10-2016'
135,27,3,'14-05-2017'
136,18,2,'18-07-2017'
137,77,5,'09-10-2017'
138,47,5,'04-11-2017'
139,47,3,'03-04-2018'
140,55,2,'08-06-2018'
141,69,2,'26-10-2018'
142,22,1,'14-12-2018'
143,100,1,'06-01-2019'
144,89,2,'10-01-2019'
145,18,5,'09-03-2019'
146,84,1,'12-10-2020'
147,31,1,'15-12-2020'
148,99,2,'18-12-2020'
149,37,1,'11-01-2021'
150,60,3,'29-01-2021' 
151,30,5,'05-10-2015'
152,16,3,'12-01-2016'
153,66,3,'29-05-2016'
154,82,4,'08-06-2016'
155,89,5,'19-06-2016'
156,1,2,'02-08-2016'
157,18,2,'10-12-2016'
158,74,5,'17-03-2017'
159,32,1,'31-03-2017'
160,7,2,'06-07-2017'
161,38,2,'27-09-2017'
162,16,2,'25-04-2018'
163,10,4,'18-10-2018'
164,59,1,'19-05-2019'
165,16,4,'01-07-2019'
166,83,2,'19-07-2019'
167,20,4,'20-12-2019'
168,77,5,'22-01-2020'
169,91,1,'13-02-2020'
170,32,1,'18-02-2020'
171,59,3,'01-04-2020'
172,58,5,'18-08-2020'
173,84,1,'26-11-2020'
174,69,4,'26-02-2021'
175,79,1,'12-03-2021' 
176,95,2,'09-12-2015'
177,2,4,'01-02-2016'
178,64,5,'10-04-2016'
179,60,2,'04-07-2016'
180,18,5,'11-08-2016'
181,6,1,'11-09-2016'
182,30,2,'21-09-2016'
183,70,2,'03-01-2017'
184,25,3,'07-02-2017'
185,54,5,'24-04-2017'
186,40,5,'21-07-2017'
187,35,4,'12-02-2018'
188,84,5,'07-07-2018'
189,94,5,'06-08-2018'
190,93,4,'13-09-2018'
191,65,4,'25-12-2018'
192,32,4,'13-03-2019'
193,26,2,'05-08-2019'
194,91,1,'06-01-2020'
195,27,2,'09-01-2020'
196,24,2,'26-01-2020'
197,76,4,'04-04-2020'
198,92,3,'01-06-2020'
199,80,1,'13-08-2020'
200,43,1,'20-09-2020' 
201,84,5,'02-03-2016'
202,9,4,'26-04-2016'
203,69,4,'17-05-2016'
204,48,2,'02-09-2016'
205,89,3,'17-07-2017'
206,51,2,'30-07-2017'
207,21,5,'18-08-2017'
208,66,2,'27-08-2017'
209,90,3,'09-09-2017'
210,42,3,'09-03-2018'
211,50,3,'31-05-2018'
212,55,2,'17-07-2018'
213,4,5,'12-09-2018'
214,13,1,'13-09-2018'
215,61,1,'22-01-2019'
216,47,4,'02-02-2019'
217,89,2,'21-04-2019'
218,86,1,'07-11-2019'
219,12,3,'23-12-2019'
220,40,4,'16-01-2020'
221,92,4,'26-02-2020'
222,30,1,'24-03-2020'
223,8,5,'16-06-2020'
224,73,1,'17-09-2020'
225,53,1,'26-09-2020' 
226,73,5,'10-12-2015'
227,71,4,'11-01-2016'
228,25,2,'06-02-2016'
229,88,2,'30-04-2016'
230,42,4,'14-09-2016'
231,60,4,'18-10-2016'
232,10,1,'13-07-2017'
233,53,4,'01-09-2017'
234,16,5,'26-10-2017'
235,19,4,'07-12-2017'
236,33,4,'24-01-2018'
237,86,4,'23-08-2018'
238,30,2,'06-11-2018'
239,6,4,'02-12-2018'
240,11,4,'23-01-2019'
241,78,1,'13-02-2019'
242,99,4,'20-05-2019'
243,24,3,'22-10-2019'
244,68,5,'13-12-2019'
245,27,3,'28-06-2020'
246,61,5,'01-07-2020'
247,72,2,'02-07-2020'
248,96,2,'21-07-2020'
249,37,2,'24-07-2020'
250,9,3,'24-12-2020' 
251,68,1,'12-12-2015'
252,78,2,'26-03-2016'
253,8,1,'20-05-2016'
254,54,2,'01-06-2016'
255,81,3,'24-08-2016'
256,70,1,'16-09-2016'
257,67,2,'06-11-2016'
258,100,4,'05-01-2017'
259,68,5,'13-05-2017'
260,77,1,'24-07-2017'
261,61,3,'16-08-2017'
262,27,3,'07-04-2018'
263,9,3,'16-06-2018'
264,5,3,'06-07-2018'
265,33,1,'26-07-2018'
266,64,3,'28-08-2018'
267,10,2,'15-10-2018'
268,17,5,'27-07-2019'
269,29,5,'04-03-2020'
270,69,5,'05-04-2020'
271,29,5,'22-04-2020'
272,7,5,'02-08-2020'
273,83,3,'11-09-2020'
274,33,1,'24-09-2020'
275,31,2,'24-03-2021' 
276,40,4,'07-11-2015'
277,98,2,'01-02-2016'
278,44,1,'02-03-2016'
279,58,4,'30-06-2016'
280,50,3,'15-10-2016'
281,78,2,'22-10-2016'
282,18,4,'22-12-2016'
283,93,3,'09-09-2017'
284,30,5,'13-02-2018'
285,33,4,'23-03-2018'
286,37,3,'28-04-2018'
287,18,3,'29-04-2018'
288,18,3,'18-06-2018'
289,23,3,'20-06-2019'
290,61,4,'21-06-2019'
291,24,3,'29-07-2019'
292,19,2,'20-08-2019'
293,99,3,'22-01-2020'
294,33,4,'09-02-2020'
295,4,4,'19-08-2020'
296,53,2,'24-09-2020'
297,6,3,'06-11-2020'
298,36,4,'18-12-2020'
299,9,2,'10-02-2021'
300,95,5,'17-02-2021' 
301,14,3,'20-01-2016'
302,87,5,'03-06-2016'
303,93,4,'05-07-2016'
304,41,1,'15-07-2016'
305,52,1,'08-03-2017'
306,50,1,'27-07-2017'
307,50,4,'21-08-2017'
308,99,2,'11-10-2017'
309,38,5,'05-11-2017'
310,58,3,'11-11-2017'
311,28,4,'15-01-2018'
312,14,4,'30-01-2018'
313,18,2,'17-04-2018'
314,16,1,'07-06-2018'
315,10,4,'16-08-2018'
316,69,5,'07-11-2018'
317,73,1,'08-03-2019'
318,8,2,'28-04-2019'
319,71,4,'03-06-2019'
320,8,3,'09-04-2020'
321,87,5,'27-06-2020'
322,75,3,'04-07-2020'
323,62,5,'27-08-2020'
324,11,2,'14-12-2020'
325,1,3,'12-01-2021' 
326,99,2,'07-11-2015'
327,57,3,'14-05-2016'
328,11,4,'13-02-2017'
329,44,4,'12-04-2017'
330,97,5,'24-05-2017'
331,54,5,'20-06-2017'
332,54,3,'02-07-2017'
333,38,3,'13-07-2017'
334,12,4,'01-09-2017'
335,94,5,'18-09-2017'
336,90,5,'07-03-2018'
337,64,3,'07-05-2018'
338,95,3,'01-09-2018'
339,48,5,'17-11-2018'
340,71,5,'09-04-2019'
341,37,2,'03-05-2019'
342,27,4,'07-10-2019'
343,24,1,'03-11-2019'
344,90,1,'06-01-2020'
345,41,2,'28-02-2020'
346,53,5,'11-06-2020'
347,11,1,'04-07-2020'
348,24,5,'23-07-2020'
349,35,5,'15-01-2021'
350,40,4,'14-02-2021' 
351,1,5,'08-12-2015'
352,62,5,'11-04-2016'
353,80,1,'03-05-2016'
354,78,4,'19-06-2016'
355,14,2,'21-07-2016'
356,19,2,'22-08-2016'
357,90,5,'20-09-2016'
358,87,1,'18-11-2016'
359,96,1,'13-03-2017'
360,27,5,'11-05-2017'
361,63,2,'05-06-2017'
362,43,3,'26-04-2018'
363,31,2,'21-07-2018'
364,64,1,'15-08-2018'
365,66,4,'15-02-2019'
366,70,4,'06-03-2019'
367,82,2,'16-04-2019'
368,62,5,'04-08-2019'
369,95,4,'08-08-2019'
370,44,4,'06-11-2019'
371,72,2,'30-04-2020'
372,4,2,'09-08-2020'
373,54,1,'22-09-2020'
374,95,2,'17-12-2020'
375,96,4,'08-01-2021' 
376,6,4,'18-12-2015'
377,27,2,'31-05-2016'
378,2,5,'08-08-2016'
379,2,2,'10-02-2017'
380,7,5,'16-04-2017'
381,88,2,'10-05-2017'
382,60,3,'25-05-2017'
383,20,1,'28-06-2017'
384,68,3,'29-07-2017'
385,56,2,'17-09-2017'
386,88,4,'19-09-2017'
387,9,4,'14-10-2017'
388,9,2,'17-09-2018'
389,13,3,'23-12-2018'
390,36,3,'25-02-2019'
391,94,1,'14-06-2019'
392,31,3,'30-07-2019'
393,17,3,'22-09-2019'
394,89,3,'19-11-2019'
395,2,5,'02-12-2019'
396,36,3,'13-12-2019'
397,21,2,'09-01-2020'
398,55,4,'29-06-2020'
399,85,3,'10-07-2020'
400,96,2,'16-10-2020' 
401,74,4,'09-10-2015'
402,77,4,'23-10-2015'
403,70,2,'01-11-2015'
404,67,4,'24-04-2016'
405,56,4,'27-05-2016'
406,98,2,'08-06-2016'
407,45,4,'21-09-2016'
408,31,1,'17-12-2016'
409,76,1,'22-12-2017'
410,80,5,'23-03-2018'
411,33,4,'16-04-2018'
412,47,3,'10-07-2018'
413,68,1,'12-08-2018'
414,71,4,'24-01-2019'
415,87,1,'26-02-2019'
416,34,3,'26-08-2019'
417,52,3,'13-10-2019'
418,100,5,'20-01-2020'
419,41,5,'06-02-2020'
420,50,2,'18-06-2020'
421,81,5,'27-06-2020'
422,22,1,'28-07-2020'
423,89,5,'25-08-2020'
424,50,2,'24-12-2020'
425,20,5,'03-03-2021' 
426,11,3,'13-06-2016'
427,85,2,'12-09-2016'
428,35,2,'06-10-2016'
429,51,5,'13-11-2016'
430,25,5,'16-01-2017'
431,67,5,'18-01-2017'
432,60,3,'31-08-2017'
433,23,2,'30-10-2017'
434,34,4,'11-12-2017'
435,78,4,'03-01-2018'
436,6,1,'26-03-2018'
437,54,4,'17-04-2018'
438,14,3,'26-04-2018'
439,54,4,'05-01-2019'
440,11,3,'08-04-2019'
441,5,4,'10-05-2019'
442,56,2,'20-05-2019'
443,26,1,'11-06-2019'
444,35,2,'29-07-2019'
445,53,3,'11-08-2019'
446,56,1,'16-02-2020'
447,7,2,'12-04-2020'
448,8,5,'20-07-2020'
449,55,3,'14-11-2020'
450,66,5,'29-01-2021' 
451,42,3,'30-03-2016'
452,49,2,'28-05-2016'
453,38,4,'05-08-2016'
454,70,2,'20-08-2016'
455,74,5,'26-10-2016'
456,68,2,'23-12-2016'
457,85,2,'06-02-2017'
458,13,5,'26-02-2017'
459,8,1,'02-04-2017'
460,67,2,'27-04-2017'
461,66,4,'14-05-2017'
462,52,4,'06-07-2017'
463,3,5,'23-07-2017'
464,31,4,'18-11-2017'
465,21,1,'11-05-2018'
466,99,2,'12-06-2018'
467,9,5,'01-01-2019'
468,46,4,'22-01-2019'
469,52,2,'24-02-2019'
470,9,1,'27-06-2019'
471,8,2,'15-10-2019'
472,86,5,'31-05-2020'
473,39,1,'05-06-2020'
474,80,1,'29-07-2020'
475,9,4,'02-12-2020' 
476,49,5,'14-10-2015'
477,21,3,'15-05-2016'
478,16,3,'07-06-2016'
479,80,4,'23-11-2016'
480,57,2,'30-01-2017'
481,12,5,'06-02-2017'
482,44,2,'31-05-2017'
483,46,5,'10-11-2017'
484,11,2,'05-03-2018'
485,64,4,'27-04-2018'
486,96,4,'07-05-2018'
487,92,3,'19-10-2018'
488,65,4,'29-03-2019'
489,36,5,'24-09-2019'
490,11,4,'08-10-2019'
491,85,3,'30-12-2019'
492,50,5,'13-02-2020'
493,52,2,'16-10-2020'
494,28,4,'15-01-2021'
495,3,3,'01-02-2021'
496,79,1,'05-02-2021'
497,54,4,'15-02-2021'
498,12,1,'17-02-2021'
499,13,5,'02-03-2021'
500,78,2,'10-03-2021' 
501,4,1,'03-10-2015'
502,10,2,'01-12-2015'
503,65,2,'28-02-2016'
504,36,3,'09-07-2016'
505,85,4,'11-12-2016'
506,70,1,'28-12-2016'
507,13,1,'03-02-2018'
508,6,3,'13-02-2018'
509,48,1,'05-06-2018'
510,63,5,'06-07-2018'
511,84,3,'06-09-2018'
512,47,1,'09-10-2018'
513,24,1,'15-10-2018'
514,9,5,'09-11-2018'
515,90,4,'14-12-2018'
516,13,4,'23-03-2019'
517,79,4,'19-07-2019'
518,94,3,'31-08-2019'
519,71,2,'27-01-2020'
520,51,3,'05-03-2020'
521,27,4,'23-03-2020'
522,81,5,'08-08-2020'
523,50,1,'06-09-2020'
524,52,5,'20-09-2020'
525,16,3,'17-10-2020' 
526,54,4,'01-11-2015'
527,10,4,'01-12-2015'
528,93,4,'03-01-2016'
529,91,4,'22-02-2016'
530,56,1,'07-01-2017'
531,49,3,'02-07-2017'
532,82,3,'22-08-2017'
533,26,1,'11-01-2018'
534,5,4,'09-03-2018'
535,99,3,'20-07-2018'
536,56,1,'20-01-2019'
537,65,3,'07-07-2019'
538,47,5,'06-10-2019'
539,23,5,'15-10-2019'
540,71,5,'23-01-2020'
541,5,4,'04-03-2020'
542,45,3,'22-03-2020'
543,41,3,'06-04-2020'
544,18,4,'01-06-2020'
545,61,4,'02-06-2020'
546,66,1,'08-06-2020'
547,60,4,'01-12-2020'
548,98,4,'01-02-2021'
549,36,5,'06-02-2021'
550,26,3,'24-03-2021' 
551,49,5,'09-12-2015'
552,33,1,'27-01-2016'
553,43,5,'26-02-2016'
554,34,4,'06-06-2016'
555,60,4,'26-09-2016'
556,98,3,'10-03-2017'
557,64,2,'30-07-2017'
558,59,2,'24-08-2017'
559,57,3,'04-10-2017'
560,78,5,'13-10-2017'
561,13,3,'19-04-2018'
562,76,2,'30-07-2018'
563,30,1,'13-11-2018'
564,61,5,'13-02-2019'
565,14,5,'25-07-2019'
566,87,4,'01-09-2019'
567,14,3,'05-11-2019'
568,91,1,'13-11-2019'
569,100,5,'22-12-2019'
570,39,3,'03-04-2020'
571,62,1,'14-04-2020'
572,65,1,'16-04-2020'
573,55,4,'17-06-2020'
574,88,3,'27-10-2020'
575,75,3,'28-03-2021' 
576,7,5,'02-10-2015'
577,75,4,'30-10-2015'
578,24,3,'23-12-2015'
579,86,1,'14-04-2016'
580,47,5,'29-04-2016'
581,31,1,'05-05-2016'
582,37,2,'08-07-2016'
583,93,3,'15-12-2016'
584,64,3,'27-02-2017'
585,50,1,'12-01-2018'
586,29,4,'07-03-2018'
587,99,2,'22-08-2018'
588,45,2,'14-10-2018'
589,71,1,'08-12-2018'
590,15,1,'15-05-2019'
591,72,4,'31-05-2019'
592,58,1,'13-06-2019'
593,13,2,'28-07-2019'
594,42,3,'10-08-2019'
595,67,5,'30-08-2019'
596,41,2,'28-11-2019'
597,53,5,'05-01-2020'
598,38,2,'20-03-2020'
599,92,5,'12-04-2020'
600,5,2,'08-03-2021' 
601,60,1,'11-10-2015'
602,16,2,'25-02-2016'
603,11,4,'28-03-2016'
604,100,1,'14-05-2016'
605,61,2,'02-10-2016'
606,63,5,'26-10-2016'
607,39,5,'15-12-2016'
608,98,1,'12-07-2017'
609,53,1,'24-09-2017'
610,2,1,'12-11-2017'
611,34,4,'13-12-2017'
612,2,1,'25-03-2018'
613,20,2,'28-07-2018'
614,27,5,'15-09-2018'
615,77,2,'10-12-2018'
616,8,3,'03-04-2019'
617,30,2,'04-06-2019'
618,88,4,'18-11-2019'
619,55,2,'27-11-2019'
620,85,2,'22-02-2020'
621,13,4,'15-05-2020'
622,57,5,'19-06-2020'
623,97,5,'08-09-2020'
624,82,1,'15-01-2021'
625,14,3,'25-01-2021' 
626,56,5,'02-11-2015'
627,83,4,'05-06-2016'
628,82,4,'13-06-2016'
629,44,2,'02-10-2016'
630,48,5,'28-01-2017'
631,99,4,'03-03-2017'
632,5,5,'06-03-2017'
633,20,4,'21-07-2017'
634,2,3,'03-12-2017'
635,79,3,'17-12-2017'
636,12,3,'11-04-2018'
637,79,5,'17-05-2018'
638,97,2,'25-05-2018'
639,51,2,'20-08-2018'
640,88,2,'24-01-2019'
641,54,2,'09-02-2019'
642,9,3,'23-05-2019'
643,22,4,'05-10-2019'
644,46,2,'02-11-2019'
645,28,5,'13-12-2019'
646,39,3,'11-04-2020'
647,44,4,'13-06-2020'
648,66,4,'11-08-2020'
649,65,2,'22-10-2020'
650,50,1,'19-12-2020' 
651,89,4,'24-05-2016'
652,22,3,'08-11-2016'
653,57,5,'22-01-2017'
654,42,1,'18-05-2017'
655,61,4,'04-12-2017'
656,8,5,'20-01-2018'
657,44,3,'10-02-2018'
658,1,2,'16-03-2018'
659,45,2,'06-05-2018'
660,23,5,'06-06-2018'
661,52,4,'28-01-2019'
662,35,2,'01-04-2019'
663,30,5,'27-04-2019'
664,34,5,'06-09-2019'
665,58,3,'15-12-2019'
666,5,5,'04-01-2020'
667,19,2,'15-02-2020'
668,63,2,'04-03-2020'
669,62,1,'19-04-2020'
670,30,1,'20-05-2020'
671,13,4,'01-07-2020'
672,56,2,'01-08-2020'
673,94,4,'01-09-2020'
674,96,3,'31-10-2020'
675,63,1,'27-12-2020' 
676,16,3,'12-10-2015'
677,73,4,'12-04-2016'
678,70,4,'22-08-2016'
679,59,5,'19-12-2016'
680,67,4,'07-02-2017'
681,14,3,'14-05-2017'
682,43,4,'18-05-2017'
683,64,2,'25-01-2018'
684,10,4,'02-04-2018'
685,45,3,'06-04-2018'
686,64,4,'13-05-2018'
687,10,1,'24-06-2018'
688,22,1,'24-09-2018'
689,61,4,'16-11-2018'
690,72,4,'02-06-2019'
691,93,5,'17-08-2019'
692,82,4,'08-11-2019'
693,28,1,'02-03-2020'
694,26,4,'14-04-2020'
695,89,5,'02-08-2020'
696,51,1,'15-09-2020'
697,14,3,'02-10-2020'
698,7,3,'04-10-2020'
699,24,5,'03-02-2021'
700,40,1,'10-03-2021' 
701,23,3,'14-04-2016'
702,86,5,'22-04-2016'
703,38,4,'22-11-2016'
704,67,1,'20-01-2017'
705,29,3,'30-10-2017'
706,13,2,'07-01-2018'
707,3,2,'07-04-2018'
708,88,4,'17-04-2018'
709,34,2,'12-06-2018'
710,3,3,'23-10-2018'
711,1,5,'20-11-2018'
712,34,5,'12-12-2018'
713,76,5,'07-01-2019'
714,96,4,'31-03-2019'
715,9,3,'02-04-2019'
716,15,3,'26-07-2019'
717,31,4,'16-10-2019'
718,17,5,'14-11-2019'
719,74,5,'17-02-2020'
720,73,2,'20-05-2020'
721,48,2,'06-06-2020'
722,99,2,'21-06-2020'
723,32,4,'12-08-2020'
724,60,3,'01-09-2020'
725,4,3,'02-03-2021' 
726,3,1,'21-03-2016'
727,59,4,'29-01-2017'
728,78,5,'07-02-2017'
729,71,3,'03-04-2017'
730,7,3,'06-04-2017'
731,73,1,'20-04-2017'
732,89,5,'25-06-2017'
733,59,4,'26-08-2017'
734,5,3,'11-01-2018'
735,46,5,'13-05-2018'
736,18,1,'08-09-2018'
737,30,4,'29-09-2018'
738,72,2,'21-10-2018'
739,70,2,'06-05-2019'
740,49,3,'06-10-2019'
741,83,3,'19-12-2019'
742,43,4,'18-02-2020'
743,40,1,'25-02-2020'
744,78,4,'06-07-2020'
745,42,1,'20-07-2020'
746,64,4,'05-08-2020'
747,87,5,'15-09-2020'
748,12,3,'04-10-2020'
749,24,1,'04-03-2021'
750,67,4,'13-03-2021' 
751,6,2,'06-01-2016'
752,8,4,'12-01-2016'
753,59,1,'20-06-2016'
754,1,5,'29-06-2016'
755,75,4,'03-10-2016'
756,29,2,'09-11-2016'
757,70,4,'16-02-2017'
758,10,3,'18-02-2017'
759,16,5,'05-11-2017'
760,96,5,'23-07-2018'
761,82,5,'23-11-2018'
762,8,2,'05-02-2019'
763,99,1,'13-05-2019'
764,74,3,'17-06-2019'
765,65,4,'01-11-2019'
766,13,1,'05-01-2020'
767,46,5,'11-01-2020'
768,5,5,'19-01-2020'
769,77,2,'31-03-2020'
770,100,3,'22-06-2020'
771,19,1,'15-08-2020'
772,86,2,'03-09-2020'
773,51,3,'19-09-2020'
774,12,3,'29-09-2020'
775,56,2,'23-12-2020' 
776,7,3,'17-10-2015'
777,6,2,'03-03-2016'
778,79,2,'27-04-2016'
779,35,1,'22-09-2016'
780,24,1,'27-10-2016'
781,50,5,'16-01-2017'
782,87,2,'27-03-2017'
783,100,1,'01-04-2017'
784,24,3,'05-06-2017'
785,49,4,'23-12-2017'
786,44,3,'22-02-2018'
787,37,2,'12-04-2018'
788,1,4,'23-09-2018'
789,76,5,'06-12-2018'
790,92,2,'18-01-2019'
791,42,1,'08-03-2019'
792,48,5,'10-07-2019'
793,33,3,'25-07-2019'
794,17,5,'02-09-2019'
795,8,5,'06-02-2020'
796,16,4,'12-08-2020'
797,79,2,'07-10-2020'
798,4,2,'01-01-2021'
799,8,3,'06-02-2021'
800,90,1,'23-02-2021' 
801,92,1,'30-10-2015'
802,97,1,'17-02-2016'
803,37,4,'12-09-2016'
804,81,1,'13-09-2016'
805,60,3,'21-09-2016'
806,56,1,'15-02-2017'
807,97,3,'28-06-2017'
808,8,4,'26-08-2017'
809,52,4,'20-09-2017'
810,32,4,'04-11-2017'
811,26,4,'23-01-2018'
812,28,2,'25-01-2018'
813,96,2,'03-02-2018'
814,42,5,'05-04-2018'
815,64,4,'01-08-2018'
816,78,5,'02-12-2018'
817,45,3,'29-12-2018'
818,46,3,'23-05-2019'
819,63,4,'06-07-2019'
820,98,4,'19-12-2019'
821,74,3,'25-12-2019'
822,51,5,'03-03-2020'
823,73,5,'05-04-2020'
824,12,5,'23-07-2020'
825,86,5,'11-09-2020' 
826,91,2,'12-10-2015'
827,2,2,'20-12-2015'
828,66,4,'16-03-2016'
829,9,2,'29-06-2016'
830,59,3,'08-08-2016'
831,26,5,'18-11-2016'
832,16,2,'17-05-2017'
833,37,1,'05-07-2017'
834,80,5,'07-08-2017'
835,32,2,'30-08-2017'
836,72,1,'12-12-2017'
837,36,3,'23-12-2017'
838,15,4,'07-06-2018'
839,21,1,'05-07-2018'
840,49,3,'01-02-2019'
841,28,5,'14-02-2019'
842,85,1,'11-03-2019'
843,4,3,'02-04-2019'
844,95,3,'12-05-2019'
845,11,1,'14-05-2019'
846,3,2,'14-09-2019'
847,5,1,'11-11-2019'
848,29,2,'19-06-2020'
849,18,1,'01-10-2020'
850,69,3,'02-11-2020' 
851,94,2,'21-12-2015'
852,33,5,'05-04-2016'
853,99,3,'05-10-2016'
854,64,2,'14-11-2016'
855,48,5,'02-12-2016'
856,33,5,'21-08-2017'
857,76,4,'28-09-2017'
858,61,5,'24-04-2018'
859,8,1,'25-06-2018'
860,74,4,'06-11-2018'
861,98,3,'01-02-2019'
862,72,5,'13-02-2019'
863,74,1,'01-04-2019'
864,78,2,'15-07-2019'
865,11,4,'12-08-2019'
866,51,1,'27-08-2019'
867,86,4,'01-12-2019'
868,12,1,'18-04-2020'
869,32,5,'21-08-2020'
870,37,2,'07-10-2020'
871,96,1,'02-11-2020'
872,18,2,'02-12-2020'
873,98,2,'18-01-2021'
874,38,3,'23-02-2021'
875,60,4,'03-03-2021' 
876,63,3,'29-11-2015'
877,53,5,'05-12-2015'
878,50,4,'16-06-2016'
879,19,1,'04-09-2016'
880,76,4,'22-12-2016'
881,42,5,'17-02-2017'
882,39,1,'07-04-2017'
883,36,2,'18-04-2017'
884,12,2,'08-09-2017'
885,39,3,'05-03-2018'
886,54,2,'13-03-2018'
887,69,5,'10-06-2018'
888,35,5,'30-06-2018'
889,9,1,'10-08-2018'
890,6,3,'13-09-2018'
891,58,5,'14-10-2018'
892,95,3,'29-12-2018'
893,45,1,'08-04-2019'
894,55,5,'19-08-2019'
895,9,5,'23-12-2019'
896,40,2,'19-03-2020'
897,6,5,'15-06-2020'
898,45,4,'26-11-2020'
899,20,1,'09-01-2021'
900,7,2,'01-02-2021' 
901,23,3,'09-02-2016'
902,62,1,'28-05-2016'
903,73,2,'11-06-2016'
904,77,3,'20-11-2016'
905,76,2,'18-01-2017'
906,40,5,'04-04-2017'
907,59,3,'02-08-2017'
908,5,1,'10-08-2017'
909,53,4,'07-01-2018'
910,11,5,'22-04-2018'
911,10,3,'25-04-2018'
912,29,4,'06-07-2018'
913,17,3,'10-07-2018'
914,81,1,'22-10-2018'
915,92,5,'31-10-2018'
916,41,4,'20-11-2018'
917,97,3,'30-11-2018'
918,26,2,'13-12-2018'
919,50,3,'04-01-2019'
920,75,1,'24-03-2019'
921,47,2,'20-04-2019'
922,68,3,'28-04-2019'
923,48,5,'22-03-2020'
924,82,2,'19-05-2020'
925,82,3,'08-10-2020' 
926,19,3,'19-01-2016'
927,97,3,'20-03-2016'
928,38,3,'07-05-2016'
929,32,5,'11-08-2016'
930,57,1,'28-09-2016'
931,51,3,'29-10-2016'
932,55,1,'13-12-2016'
933,66,3,'11-04-2017'
934,19,4,'27-06-2017'
935,67,1,'14-10-2017'
936,39,5,'18-01-2018'
937,72,1,'08-05-2018'
938,75,4,'16-05-2018'
939,89,5,'03-06-2018'
940,12,5,'10-11-2018'
941,100,5,'06-12-2018'
942,34,3,'13-06-2019'
943,12,2,'16-06-2019'
944,7,1,'01-10-2019'
945,16,3,'18-10-2019'
946,27,5,'21-05-2020'
947,91,4,'09-06-2020'
948,16,2,'27-11-2020'
949,95,5,'30-11-2020'
950,34,1,'02-12-2020' 
951,3,4,'05-10-2015'
952,64,2,'04-11-2015'
953,96,1,'28-02-2016'
954,68,2,'10-09-2016'
955,42,2,'18-09-2016'
956,5,5,'16-10-2016'
957,42,4,'01-12-2016'
958,11,5,'05-12-2016'
959,97,3,'12-01-2017'
960,18,5,'26-02-2017'
961,71,2,'31-07-2017'
962,38,5,'30-09-2017'
963,98,3,'03-03-2018'
964,53,2,'22-08-2018'
965,77,2,'17-12-2018'
966,71,1,'16-04-2019'
967,30,4,'12-05-2019'
968,48,4,'13-08-2019'
969,95,3,'18-01-2020'
970,24,4,'27-04-2020'
971,43,5,'02-05-2020'
972,55,5,'28-06-2020'
973,94,4,'07-07-2020'
974,46,1,'10-11-2020'
975,51,3,'16-11-2020' 
976,92,1,'10-02-2016'
977,80,4,'08-03-2016'
978,75,4,'09-08-2016'
979,37,2,'25-08-2016'
980,96,4,'22-01-2017'
981,57,1,'06-02-2017'
982,4,4,'24-07-2017'
983,6,1,'15-01-2018'
984,81,1,'05-07-2018'
985,90,1,'27-09-2018'
986,30,4,'31-10-2018'
987,18,4,'11-01-2019'
988,46,3,'24-02-2019'
989,73,1,'13-08-2019'
990,29,5,'15-09-2019'
991,63,5,'18-03-2020'
992,93,2,'09-05-2020'
993,57,1,'30-08-2020'
994,67,3,'10-09-2020'
995,23,2,'20-12-2020'
996,21,3,'20-01-2021'
997,85,1,'27-01-2021'
998,94,3,'29-01-2021'
999,18,4,'13-02-2021'
1000,34,1,'18-02-2021' 
1001,34,3,'19-10-2018'
1002,39,5,'19-3-2018'
1003,25,1,'15-8-2020'
1004,81,1,'14-8-2018'
1005,88,3,'14-11-2017'
1006,58,1,'9-5-2020'
1007,63,2,'28-9-2017'
1008,83,1,'11-2-2020'
1009,50,5,'1-5-2017'
1010,54,4,'19-7-2017'
1011,2,5,'20-4-2018'
1012,61,1,'10-11-2019'
1013,6,3,'21-8-2019'
1014,79,3,'26-1-2018'
1015,67,1,'13-6-2020'
1016,1,2,'13-1-2020'
1017,15,4,'13-5-2017'
1018,14,2,'3-6-2017'
1019,26,2,'24-6-2018'
1020,81,1,'23-6-2020'
1021,54,1,'26-7-2019'
1022,22,1,'3-12-2019'
1023,76,4,'9-10-2019'
1024,100,3,'23-7-2017'
1025,33,5,'22-8-2017'
1026,87,3,'14-10-2019'
1027,61,2,'15-8-2020'
1028,41,2,'11-12-2020'
1029,37,5,'24-11-2020'
1030,29,1,'20-7-2017'
1031,11,1,'1-4-2019'
1032,57,5,'6-3-2019'
1033,10,2,'17-3-2018'
1034,46,2,'7-1-2017'
1035,8,5,'18-7-2019'
1036,94,3,'14-9-2019'
1037,96,3,'26-2-2019'
1038,95,2,'16-10-2017'
1039,79,3,'10-6-2020'
1040,90,5,'1-6-2019'
1041,74,1,'1-2-2018'
1042,19,3,'15-3-2017'
1043,91,1,'20-12-2018'
1044,23,1,'7-7-2020'
1045,34,1,'10-6-2018'
1046,48,1,'23-3-2017'
1047,37,5,'7-4-2017'
1048,25,4,'20-7-2017'
1049,28,4,'27-9-2018'
1050,6,4,'5-9-2019'
1051,74,1,'20-4-2017'
1052,41,2,'14-6-2018'
1053,55,4,'15-4-2020'
1054,37,5,'16-6-2019'
1055,31,5,'2-9-2018'
1056,33,3,'15-3-2019'
1057,90,5,'15-6-2018'
1058,46,2,'19-6-2019'
1059,49,4,'11-6-2020'
1060,43,5,'25-7-2020'
1061,46,4,'4-6-2020'
1062,41,2,'3-3-2020'
1063,4,3,'3-6-2018'
1064,76,2,'19-10-2017'
1065,38,1,'10-5-2018'
1066,21,1,'16-8-2018'
1067,44,2,'14-3-2017'
1068,61,5,'21-9-2020'
1069,47,4,'6-6-2019'
1070,42,4,'15-6-2019'
1071,62,5,'2-12-2020'
1072,47,3,'14-11-2018'
1073,96,1,'19-5-2017'
1074,42,1,'24-5-2019'
1075,7,5,'25-11-2020'
1076,60,4,'20-7-2020'
1077,90,3,'24-10-2020'
1078,64,5,'11-11-2018'
1079,52,4,'22-6-2017'
1080,82,5,'3-12-2017'
1081,95,1,'22-2-2018'
1082,55,5,'6-11-2017'
1083,83,1,'8-3-2019'
1084,38,2,'16-3-2017'
1085,5,4,'19-11-2019'
1086,21,3,'1-6-2020'
1087,80,1,'18-9-2020'
1088,14,5,'14-7-2020'
1089,69,2,'19-9-2018'
1090,34,4,'8-6-2017'
1091,9,5,'11-8-2019'
1092,83,3,'11-9-2017'
1093,66,1,'5-10-2018'
1094,46,5,'13-6-2020'
1095,77,2,'18-4-2020'
1096,72,4,'23-2-2020'
1097,27,1,'1-2-2019'
1098,39,1,'13-9-2019'
1099,98,2,'7-6-2018'
1100,13,1,'15-2-2020'
1101,85,4,'1-8-2017'
1102,19,5,'18-11-2020'
1103,86,4,'20-5-2020'
1104,20,1,'27-10-2017'
1105,73,5,'21-3-2018'
1106,73,3,'22-6-2020'
1107,70,1,'10-2-2018'
1108,44,4,'25-9-2020'
1109,85,2,'11-11-2019'
1110,88,5,'22-9-2018'
1111,52,5,'17-2-2018'
1112,88,4,'6-10-2017'
1113,43,3,'2-1-2019'
1114,12,5,'8-10-2017'
1115,63,3,'26-3-2020'
1116,84,4,'19-6-2019'
1117,64,2,'10-2-2019'
1118,36,3,'2-4-2020'
1119,39,2,'20-7-2020'
1120,53,1,'6-12-2019'
1121,50,2,'6-11-2018'
1122,76,2,'9-11-2018'
1123,74,2,'12-9-2018'
1124,74,2,'13-8-2020'
1125,23,2,'26-1-2020'
1126,60,3,'2-9-2020'
1127,24,4,'24-2-2017'
1128,41,3,'18-5-2017'
1129,92,4,'9-3-2019'
1130,44,5,'21-12-2020'
1131,15,2,'4-7-2017'
1132,94,1,'23-9-2019'
1133,92,2,'19-5-2018'
1134,21,2,'27-7-2020'
1135,30,4,'3-2-2018'
1136,13,2,'5-6-2019'
1137,73,2,'19-10-2018'
1138,13,1,'6-8-2018'
1139,29,1,'7-8-2020'
1140,49,1,'11-6-2020'
1141,25,4,'11-11-2018'
1142,45,2,'26-6-2020'
1143,5,3,'27-6-2019'
1144,5,2,'6-8-2020'
1145,25,4,'26-7-2018'
1146,13,5,'5-12-2017'
1147,90,5,'13-9-2020'
1148,73,2,'4-6-2017'
1149,51,2,'22-2-2018'
1150,8,5,'20-11-2019'
1151,57,3,'16-7-2019'
1152,44,5,'3-1-2020'
1153,53,1,'8-4-2020'
1154,52,2,'2-4-2018'
1155,82,2,'5-2-2018'
1156,98,4,'23-3-2020'
1157,32,1,'20-5-2020'
1158,69,5,'27-5-2019'
1159,99,1,'2-11-2017'
1160,81,1,'5-5-2018'
1161,17,5,'9-9-2019'
1162,85,5,'5-6-2019'
1163,99,2,'8-7-2020'
1164,79,2,'19-10-2018'
1165,44,1,'26-8-2019'
1166,13,5,'7-10-2017'
1167,16,1,'9-2-2018'
1168,53,3,'23-4-2020'
1169,11,1,'8-7-2017'
1170,56,4,'10-7-2018'
1171,89,1,'4-5-2019'
1172,56,1,'18-5-2017'
1173,30,2,'10-11-2018'
1174,99,5,'13-10-2020'
1175,99,1,'16-5-2018'
1176,14,4,'4-1-2019'
1177,94,2,'13-11-2019'
1178,84,4,'12-10-2019'
1179,15,3,'25-9-2020'
1180,81,3,'8-7-2020'
1181,62,1,'17-4-2020'
1182,68,1,'5-9-2017'
1183,95,3,'8-7-2018'
1184,87,1,'17-1-2017'
1185,12,1,'20-4-2019'
1186,82,2,'8-9-2019'
1187,2,2,'20-7-2018'
1188,15,2,'13-10-2017'
1189,67,1,'19-8-2018'
1190,67,5,'10-6-2019'
1191,45,5,'11-10-2020'
1192,67,4,'14-5-2017'
1193,96,2,'7-12-2020'
1194,76,4,'26-9-2017'
1195,33,2,'9-4-2019'
1196,5,3,'21-11-2017'
1197,83,5,'20-8-2019'
1198,34,2,'1-1-2020'
1199,72,4,'15-6-2020'
1200,43,3,'28-8-2019'
1201,82,5,'27-9-2018'
1202,55,5,'5-9-2017'
1203,70,5,'28-4-2018'
1204,92,3,'14-6-2017'
1205,68,4,'12-12-2018'
1206,5,1,'4-7-2017'
1207,77,2,'7-7-2018'
1208,19,1,'3-11-2019'
1209,100,4,'28-1-2018'
1210,82,5,'9-10-2019'
1211,19,1,'2-7-2017'
1212,5,1,'3-9-2017'
1213,31,4,'8-8-2020'
1214,93,2,'15-12-2020'
1215,88,5,'14-9-2018'
1216,22,3,'6-1-2017'
1217,37,5,'11-6-2018'
1218,14,1,'15-7-2018'
1219,80,4,'9-5-2019'
1220,92,4,'2-3-2017'
1221,90,1,'14-3-2020'
1222,56,1,'5-10-2020'
1223,54,3,'26-8-2019'
1224,94,4,'5-2-2018'
1225,99,4,'7-10-2017'
1226,28,4,'7-10-2018'
1227,90,1,'11-3-2017'
1228,14,2,'9-6-2018'
1229,95,5,'3-7-2017'
1230,53,2,'22-3-2019'
1231,87,2,'4-7-2017'
1232,76,1,'3-6-2017'
1233,47,2,'2-6-2017'
1234,29,4,'27-11-2018'
1235,47,4,'15-4-2020'
1236,85,3,'27-9-2020'
1237,27,5,'8-8-2019'
1238,24,5,'9-12-2020'
1239,22,4,'12-9-2019'
1240,54,1,'6-2-2018'
1241,59,1,'11-11-2018'
1242,65,3,'4-9-2020'
1243,31,5,'2-3-2017'
1244,71,5,'5-8-2017'
1245,24,2,'2-9-2020'
1246,83,3,'25-2-2017'
1247,31,3,'2-4-2017'
1248,29,2,'23-5-2020'
1249,44,2,'1-2-2018'
1250,73,1,'2-10-2017'
1251,9,1,'2-7-2020'
1252,95,1,'2-6-2017'
1253,97,5,'7-1-2017'
1254,32,2,'14-1-2020'
1255,60,3,'10-5-2017'
1256,53,1,'9-5-2020'
1257,35,4,'6-10-2017'
1258,34,4,'10-1-2017'
1259,86,3,'25-2-2019'
1260,83,2,'2-12-2019'
1261,3,2,'20-11-2020'
1262,83,3,'26-7-2018'
1263,26,2,'8-3-2019'
1264,86,1,'15-2-2017'
1265,31,1,'25-11-2018'
1266,30,1,'26-4-2020'
1267,9,2,'8-4-2018'
1268,80,3,'4-4-2018'
1269,97,4,'2-7-2018'
1270,53,3,'13-5-2019'
1271,83,2,'22-3-2019'
1272,9,5,'5-2-2018'
1273,71,1,'14-9-2019'
1274,67,4,'25-8-2017'
1275,93,4,'17-5-2018'
1276,11,1,'28-10-2018'
1277,25,5,'14-4-2019'
1278,77,3,'7-8-2020'
1279,3,5,'4-9-2020'
1280,22,3,'10-12-2019'
1281,4,5,'23-11-2018'
1282,61,5,'13-6-2018'
1283,21,4,'25-4-2018'
1284,70,3,'25-4-2020'
1285,15,3,'19-12-2020'
1286,32,1,'5-2-2017'
1287,76,5,'4-2-2017'
1288,24,3,'8-2-2019'
1289,74,1,'3-8-2018'
1290,87,4,'11-3-2020'
1291,56,5,'2-12-2019'
1292,39,1,'27-11-2020'
1293,83,5,'21-6-2019'
1294,44,1,'2-4-2020'
1295,97,5,'8-3-2018'
1296,82,4,'6-8-2017'
1297,48,4,'23-8-2018'
1298,92,2,'23-6-2018'
1299,35,4,'13-8-2017'
1300,75,4,'21-8-2018'
1301,60,4,'11-4-2019'
1302,89,3,'24-10-2017'
1303,18,1,'6-6-2018'
1304,91,1,'22-6-2019'
1305,57,3,'8-5-2020'
1306,3,2,'10-7-2017'
1307,85,4,'23-5-2019'
1308,80,4,'28-12-2017'
1309,61,3,'26-5-2020'
1310,52,5,'3-8-2017'
1311,47,4,'13-10-2017'
1312,41,5,'1-6-2017'
1313,67,5,'17-6-2017'
1314,20,4,'21-4-2017'
1315,32,4,'21-3-2019'
1316,50,3,'8-9-2020'
1317,40,3,'6-4-2018'
1318,67,1,'11-12-2018'
1319,71,4,'7-9-2019'
1320,75,5,'26-8-2020'
1321,74,1,'21-4-2017'
1322,99,5,'7-11-2020'
1323,13,1,'11-12-2018'
1324,11,5,'19-1-2017'
1325,89,3,'2-10-2017'
1326,67,5,'16-1-2017'
1327,78,2,'26-11-2017'
1328,22,2,'1-12-2019'
1329,97,2,'15-7-2017'
1330,14,3,'5-6-2017'
1331,86,4,'4-10-2018'
1332,58,4,'27-2-2019'
1333,10,3,'5-7-2020'
1334,42,1,'7-3-2018'
1335,77,2,'26-2-2020'
1336,16,2,'17-6-2020'
1337,16,3,'12-8-2018'
1338,8,2,'13-8-2018'
1339,32,4,'7-11-2019'
1340,49,5,'21-7-2018'
1341,62,2,'21-6-2017'
1342,64,3,'13-10-2019'
1343,1,4,'7-9-2018'
1344,95,5,'5-8-2017'
1345,100,5,'23-3-2017'
1346,63,4,'10-8-2020'
1347,45,3,'22-4-2018'
1348,3,3,'20-2-2018'
1349,96,2,'23-12-2019'
1350,35,4,'2-3-2020'
1351,15,2,'21-8-2017'
1352,13,3,'2-6-2019'
1353,63,1,'19-8-2020'
1354,49,4,'22-2-2017'
1355,79,2,'25-10-2018'
1356,71,3,'8-5-2019'
1357,50,2,'24-10-2018'
1358,66,5,'19-8-2020'
1359,17,5,'14-12-2019'
1360,59,2,'8-10-2017'
1361,100,2,'25-11-2018'
1362,78,4,'16-4-2020'
1363,79,3,'19-10-2018'
1364,4,2,'28-2-2017'
1365,40,3,'2-8-2020'
1366,42,4,'28-1-2017'
1367,59,3,'28-4-2018'
1368,75,5,'7-5-2018'
1369,62,4,'6-8-2020'
1370,5,2,'23-3-2018'
1371,50,5,'17-8-2018'
1372,12,4,'21-9-2018'
1373,87,5,'18-1-2017'
1374,40,4,'22-11-2019'
1375,15,1,'28-5-2017'
1376,5,3,'13-10-2018'
1377,78,5,'22-6-2018'
1378,73,5,'19-12-2019'
1379,3,2,'15-3-2018'
1380,90,2,'2-2-2019'
1381,76,2,'6-9-2020'
1382,50,2,'20-3-2020'
1383,48,4,'28-10-2018'
1384,64,3,'25-6-2019'
1385,64,5,'5-11-2018'
1386,67,1,'8-5-2017'
1387,97,1,'3-8-2017'
1388,100,5,'17-9-2019'
1389,98,1,'6-6-2018'
1390,94,4,'11-1-2018'
1391,92,2,'21-12-2017'
1392,42,1,'22-12-2017'
1393,52,1,'19-5-2017'
1394,59,3,'8-6-2019'
1395,4,4,'15-10-2017'
1396,58,2,'8-10-2017'
1397,54,1,'11-1-2018'
1398,44,2,'6-3-2017'
1399,82,4,'29-2-2020'
1400,34,4,'28-1-2017'
1401,62,2,'11-8-2019'
1402,87,4,'17-9-2019'
1403,66,4,'23-4-2020'
1404,46,3,'18-8-2018'
1405,29,4,'5-3-2020'
1406,14,3,'26-1-2018'
1407,64,1,'5-3-2019'
1408,8,5,'19-11-2019'
1409,76,2,'1-5-2020'
1410,11,3,'2-9-2019'
1411,89,2,'1-8-2019'
1412,64,4,'1-12-2017'
1413,41,4,'15-7-2019'
1414,46,3,'13-12-2019'
1415,53,4,'22-6-2020'
1416,19,1,'2-7-2017'
1417,60,2,'1-1-2020'
1418,97,5,'12-8-2017'
1419,23,2,'23-7-2020'
1420,4,5,'25-5-2019'
1421,39,4,'6-8-2020'
1422,43,1,'7-8-2020'
1423,55,3,'17-10-2018'
1424,27,1,'16-1-2018'
1425,86,5,'7-11-2019'
1426,76,5,'17-2-2017'
1427,27,2,'3-10-2018'
1428,10,3,'25-12-2018'
1429,29,3,'26-7-2020'
1430,26,5,'7-12-2017'
1431,10,2,'26-12-2020'
1432,37,5,'13-1-2017'
1433,55,3,'20-2-2017'
1434,99,5,'4-9-2020'
1435,43,2,'13-10-2017'
1436,93,4,'14-9-2018'
1437,85,3,'22-9-2017'
1438,42,4,'10-9-2019'
1439,83,1,'11-7-2019'
1440,41,3,'18-1-2019'
1441,52,3,'5-4-2020'
1442,43,2,'8-6-2020'
1443,82,4,'28-9-2017'
1444,3,2,'3-11-2019'
1445,31,2,'5-5-2020'
1446,84,3,'27-12-2020'
1447,96,1,'22-10-2017'
1448,20,5,'19-1-2020'
1449,81,4,'15-4-2020'
1450,97,1,'14-7-2018'
1451,87,3,'24-7-2019'
1452,71,5,'16-11-2017'
1453,20,2,'1-7-2018'
1454,66,4,'3-6-2019'
1455,36,4,'1-10-2019'
1456,57,2,'18-2-2017'
1457,75,1,'14-1-2019'
1458,32,5,'9-4-2018'
1459,17,5,'20-2-2020'
1460,3,3,'19-11-2020'
1461,81,1,'23-8-2018'
1462,93,2,'20-2-2017'
1463,72,1,'3-9-2018'
1464,42,1,'12-12-2020'
1465,42,2,'5-4-2017'
1466,87,3,'25-12-2020'
1467,73,2,'24-10-2018'
1468,20,2,'15-9-2018'
1469,3,4,'26-3-2020'
1470,52,3,'26-1-2020'
1471,63,4,'7-4-2019'
1472,65,2,'22-5-2017'
1473,64,4,'25-6-2020'
1474,55,4,'8-4-2019'
1475,61,4,'17-9-2020'
1476,3,5,'23-8-2018'
1477,69,2,'23-3-2019'
1478,70,5,'23-12-2017'
1479,69,5,'28-4-2017'
1480,61,4,'25-2-2019'
1481,55,1,'23-10-2017'
1482,83,2,'10-11-2019'
1483,34,2,'14-9-2020'
1484,55,1,'26-3-2018'
1485,53,5,'27-2-2020'
1486,50,5,'19-1-2017'
1487,85,1,'6-11-2018'
1488,35,5,'17-2-2020'
1489,41,2,'13-12-2020'
1490,49,4,'28-10-2020'
1491,7,2,'18-5-2018'
1492,80,1,'7-8-2019'
1493,98,1,'8-1-2017'
1494,84,4,'13-10-2017'
1495,20,1,'28-8-2019'
1496,15,5,'10-3-2017'
1497,47,3,'10-2-2017'
1498,66,2,'23-2-2017'
1499,21,2,'15-10-2018'
1500,31,1,'20-4-2017'
1501,91,3,'17-7-2020'
1502,63,4,'28-9-2019'
1503,6,4,'1-4-2017'
1504,88,5,'20-11-2018'
1505,43,2,'3-5-2017'
1506,39,4,'10-4-2018'
1507,69,5,'24-11-2019'
1508,99,3,'7-7-2017'
1509,20,4,'8-12-2019'
1510,66,3,'24-12-2019'
1511,52,4,'27-9-2019'
1512,84,4,'12-8-2020'
1513,25,2,'5-3-2018'
1514,32,5,'2-10-2017'
1515,18,4,'28-2-2019'
1516,36,4,'1-4-2017'
1517,94,2,'6-4-2020'
1518,95,4,'1-3-2018'
1519,95,4,'19-12-2017'
1520,7,5,'6-3-2017'
1521,39,2,'1-8-2020'
1522,6,4,'28-7-2020'
1523,18,1,'8-3-2017'
1524,24,2,'4-5-2018'
1525,95,2,'7-8-2020'
1526,29,5,'6-7-2017'
1527,63,2,'3-12-2019'
1528,36,5,'7-12-2018'
1529,66,5,'5-8-2017'
1530,57,5,'16-3-2018'
1531,25,3,'22-2-2019'
1532,54,5,'11-3-2017'
1533,39,2,'7-1-2019'
1534,72,5,'1-8-2019'
1535,10,2,'5-7-2017'
1536,40,3,'18-3-2020'
1537,18,2,'6-6-2018'
1538,96,5,'1-3-2018'
1539,78,5,'27-10-2019'
1540,27,5,'8-5-2020'
1541,29,4,'5-2-2019'
1542,99,2,'10-7-2018'
1543,21,1,'1-10-2018'
1544,100,3,'1-10-2018'
1545,22,5,'14-3-2020'
1546,77,5,'19-4-2018'
1547,26,1,'10-9-2019'
1548,18,3,'21-1-2019'
1549,24,4,'9-6-2017'
1550,7,1,'23-8-2018'
1551,100,5,'7-3-2020'
1552,69,1,'28-5-2019'
1553,76,3,'9-12-2017'
1554,45,4,'14-4-2019'
1555,20,1,'15-6-2019'
1556,82,1,'6-10-2019'
1557,85,4,'25-11-2017'
1558,90,3,'23-9-2019'
1559,16,5,'19-2-2020'
1560,34,3,'7-8-2019'
1561,99,1,'10-12-2017'
1562,20,4,'2-5-2017'
1563,14,4,'14-9-2017'
1564,28,1,'17-1-2017'
1565,96,1,'7-1-2017'
1566,22,3,'27-10-2019'
1567,7,5,'11-2-2019'
1568,39,5,'28-12-2019'
1569,42,5,'6-6-2017'
1570,97,3,'9-4-2019'
1571,38,5,'28-9-2018'
1572,29,1,'13-12-2020'
1573,32,2,'26-4-2018'
1574,79,2,'27-9-2020'
1575,50,5,'4-1-2017'
1576,61,4,'10-4-2018'
1577,29,3,'2-7-2020'
1578,27,2,'2-11-2019'
1579,21,3,'17-10-2019'
1580,46,2,'28-3-2017'
1581,11,4,'6-8-2018'
1582,40,4,'20-1-2019'
1583,71,5,'25-8-2018'
1584,42,5,'13-7-2018'
1585,99,1,'15-10-2020'
1586,12,1,'9-6-2017'
1587,9,4,'4-11-2018'
1588,27,3,'25-11-2017'
1589,5,4,'13-4-2019'
1590,24,3,'6-12-2018'
1591,79,1,'14-7-2019'
1592,52,3,'3-2-2019'
1593,33,5,'16-5-2017'
1594,67,1,'5-9-2020'
1595,19,5,'22-6-2020'
1596,67,5,'14-4-2017'
1597,74,1,'26-12-2017'
1598,50,5,'12-7-2020'
1599,3,3,'2-2-2019'
1600,66,4,'8-2-2020'
1601,19,2,'26-11-2019'
1602,94,5,'10-6-2019'
1603,18,1,'9-3-2020'
1604,17,4,'8-8-2018'
1605,97,3,'26-5-2017'
1606,35,4,'3-2-2019'
1607,80,2,'23-9-2019'
1608,41,2,'20-9-2019'
1609,27,2,'14-9-2019'
1610,15,3,'23-3-2018'
1611,78,4,'23-6-2019'
1612,76,1,'8-7-2018'
1613,50,5,'26-1-2020'
1614,29,5,'11-10-2019'
1615,12,2,'6-12-2018'
1616,80,4,'14-4-2019'
1617,81,3,'16-2-2020'
1618,7,1,'10-3-2018'
1619,47,3,'26-8-2019'
1620,61,2,'2-4-2019'
1621,61,5,'2-10-2017'
1622,67,3,'18-5-2020'
1623,56,3,'25-10-2019'
1624,6,5,'22-10-2020'
1625,62,5,'20-11-2017'
1626,65,4,'13-9-2018'
1627,11,5,'9-2-2019'
1628,20,5,'6-2-2018'
1629,73,5,'19-1-2020'
1630,91,2,'24-3-2017'
1631,31,2,'3-4-2020'
1632,72,3,'7-7-2019'
1633,62,4,'16-2-2017'
1634,77,2,'23-2-2019'
1635,100,3,'19-7-2020'
1636,83,2,'5-5-2020'
1637,33,4,'18-3-2018'
1638,29,1,'1-2-2017'
1639,76,2,'15-1-2019'
1640,92,3,'25-12-2017'
1641,18,2,'26-11-2018'
1642,98,3,'9-9-2017'
1643,71,3,'14-12-2019'
1644,40,1,'17-6-2017'
1645,72,4,'13-2-2018'
1646,68,2,'18-6-2019'
1647,52,4,'10-12-2020'
1648,76,4,'16-12-2018'
1649,41,1,'22-1-2017'
1650,5,4,'28-12-2018'
1651,47,3,'11-10-2019'
1652,38,3,'23-7-2018'
1653,96,3,'9-4-2019'
1654,20,4,'22-10-2019'
1655,32,2,'21-4-2017'
1656,15,5,'18-10-2018'
1657,35,3,'1-11-2019'
1658,44,5,'18-10-2019'
1659,95,5,'12-7-2019'
1660,99,5,'2-4-2020'
1661,50,5,'28-11-2017'
1662,57,1,'11-10-2017'
1663,37,2,'19-6-2017'
1664,89,1,'28-2-2020'
1665,72,5,'15-3-2020'
1666,50,1,'14-9-2019'
1667,71,3,'18-7-2017'
1668,74,2,'3-10-2017'
1669,85,1,'14-9-2020'
1670,32,2,'25-2-2018'
1671,88,3,'12-10-2018'
1672,8,5,'6-5-2018'
1673,21,4,'8-11-2020'
1674,69,5,'8-3-2017'
1675,28,4,'20-3-2020'
1676,10,1,'7-3-2019'
1677,69,1,'27-7-2017'
1678,47,5,'15-6-2019'
1679,53,4,'16-10-2017'
1680,29,4,'15-5-2019'
1681,80,1,'11-3-2019'
1682,100,2,'6-11-2019'
1683,68,2,'14-12-2019'
1684,51,5,'2-5-2017'
1685,83,2,'1-12-2020'
1686,99,4,'19-3-2019'
1687,12,3,'20-5-2020'
1688,86,4,'18-1-2018'
1689,61,3,'28-2-2017'
1690,78,3,'20-7-2020'
1691,82,5,'18-8-2019'
1692,50,1,'17-8-2017'
1693,10,1,'26-6-2020'
1694,93,2,'27-7-2018'
1695,35,2,'6-4-2019'
1696,19,2,'21-11-2020'
1697,38,2,'6-4-2017'
1698,9,4,'3-3-2018'
1699,41,2,'11-1-2019'
1700,91,1,'5-9-2018'
1701,66,2,'27-6-2020'
1702,37,3,'20-11-2018'
1703,66,1,'5-2-2019'
1704,72,3,'17-2-2020'
1705,6,1,'10-7-2020'
1706,45,4,'6-2-2020'
1707,72,3,'9-5-2017'
1708,44,5,'19-1-2019'
1709,24,4,'14-8-2019'
1710,12,5,'8-2-2018'
1711,40,4,'1-5-2017'
1712,37,4,'12-5-2020'
1713,39,3,'17-4-2018'
1714,5,1,'20-5-2017'
1715,10,4,'18-6-2017'
1716,10,3,'19-4-2019'
1717,3,3,'4-3-2017'
1718,51,3,'25-2-2018'
1719,82,5,'17-1-2019'
1720,6,1,'14-11-2018'
1721,40,1,'12-11-2020'
1722,69,4,'11-6-2020'
1723,36,2,'5-1-2018'
1724,92,3,'8-10-2018'
1725,48,4,'18-10-2018'
1726,62,2,'15-3-2017'
1727,17,4,'9-2-2019'
1728,67,1,'7-3-2018'
1729,74,2,'8-2-2019'
1730,41,1,'14-3-2020'
1731,80,2,'7-11-2017'
1732,76,4,'15-2-2020'
1733,27,5,'24-4-2019'
1734,40,3,'22-4-2019'
1735,81,1,'20-11-2019'
1736,91,4,'12-2-2018'
1737,76,4,'28-5-2019'
1738,93,1,'15-8-2017'
1739,10,4,'21-4-2020'
1740,19,1,'12-5-2020'
1741,36,2,'4-10-2017'
1742,100,1,'22-2-2017'
1743,61,3,'1-7-2020'
1744,45,2,'23-9-2020'
1745,36,5,'19-4-2019'
1746,31,5,'19-11-2019'
1747,92,3,'5-5-2020'
1748,5,5,'23-9-2019'
1749,6,3,'25-9-2019'
1750,59,2,'8-8-2018'
1751,90,3,'14-8-2018'
1752,83,3,'17-8-2020'
1753,63,3,'7-7-2017'
1754,54,4,'14-4-2018'
1755,5,3,'24-3-2018'
1756,1,4,'2-8-2019'
1757,73,2,'19-6-2018'
1758,42,1,'2-6-2020'
1759,35,5,'20-7-2017'
1760,38,5,'16-12-2017'
1761,12,4,'28-1-2020'
1762,38,3,'20-2-2017'
1763,54,2,'12-4-2018'
1764,19,2,'1-3-2017'
1765,5,4,'2-6-2017'
1766,1,1,'1-5-2020'
1767,34,1,'14-1-2020'
1768,66,5,'7-12-2019'
1769,88,2,'20-12-2019'
1770,16,3,'28-3-2020'
1771,60,3,'16-9-2019'
1772,88,3,'23-8-2020'
1773,35,2,'12-8-2019'
1774,66,2,'8-7-2019'
1775,19,2,'24-4-2018'
1776,46,3,'27-8-2019'
1777,26,5,'12-6-2018'
1778,28,2,'12-4-2018'
1779,87,2,'19-4-2019'
1780,89,1,'25-1-2020'
1781,67,3,'4-11-2017'
1782,37,2,'5-5-2019'
1783,91,1,'5-12-2018'
1784,42,1,'17-10-2018'
1785,59,4,'22-6-2018'
1786,68,3,'3-12-2020'
1787,63,1,'24-2-2020'
1788,41,2,'25-8-2019'
1789,33,2,'20-9-2020'
1790,97,5,'3-8-2019'
1791,73,4,'12-4-2020'
1792,44,1,'23-3-2019'
1793,51,5,'23-7-2017'
1794,38,5,'1-1-2020'
1795,71,1,'28-6-2017'
1796,67,3,'18-7-2017'
1797,85,3,'21-9-2020'
1798,22,2,'28-3-2017'
1799,25,3,'9-8-2020'
1800,97,2,'7-8-2017'
1801,75,4,'12-7-2019'
1802,56,1,'21-1-2018'
1803,1,4,'11-1-2020'
1804,28,5,'17-9-2019'
1805,83,5,'1-10-2017'
1806,70,5,'24-1-2019'
1807,62,2,'8-2-2020'
1808,14,3,'11-6-2020'
1809,26,4,'20-7-2018'
1810,71,5,'27-7-2020'
1811,57,4,'8-5-2020'
1812,5,3,'17-3-2018'
1813,8,1,'24-3-2019'
1814,34,5,'1-11-2020'
1815,44,4,'23-7-2017'
1816,31,1,'26-7-2020'
1817,15,1,'6-3-2020'
1818,21,4,'25-2-2020'
1819,89,4,'5-3-2018'
1820,21,2,'12-5-2019'
1821,10,1,'28-8-2020'
1822,84,5,'14-9-2019'
1823,14,4,'12-11-2020'
1824,95,3,'25-1-2018'
1825,6,4,'23-9-2019'
1826,22,3,'27-3-2019'
1827,60,4,'8-12-2017'
1828,87,4,'11-6-2020'
1829,14,4,'3-12-2017'
1830,82,5,'16-7-2020'
1831,49,1,'27-1-2018'
1832,53,2,'20-9-2017'
1833,75,1,'28-8-2019'
1834,80,5,'19-3-2019'
1835,1,5,'1-11-2020'
1836,98,4,'5-10-2019'
1837,97,5,'26-11-2017'
1838,32,4,'6-6-2019'
1839,46,4,'22-10-2017'
1840,42,3,'5-7-2018'
1841,88,3,'27-8-2020'
1842,30,1,'21-2-2017'
1843,74,1,'13-8-2019'
1844,41,4,'24-12-2018'
1845,15,5,'9-2-2019'
1846,75,4,'12-11-2020'
1847,66,4,'6-2-2019'
1848,18,2,'23-11-2020'
1849,28,1,'12-11-2019'
1850,67,3,'28-12-2019'
1851,14,3,'9-7-2020'
1852,64,5,'4-5-2018'
1853,45,3,'13-7-2020'
1854,9,5,'23-2-2020'
1855,27,2,'7-2-2017'
1856,10,2,'25-7-2019'
1857,38,2,'17-7-2020'
1858,86,3,'12-6-2017'
1859,52,3,'24-8-2019'
1860,83,2,'14-9-2019'
1861,18,4,'18-6-2017'
1862,41,3,'5-4-2020'
1863,99,2,'23-9-2019'
1864,61,5,'15-9-2019'
1865,18,3,'20-12-2019'
1866,21,3,'14-9-2019'
1867,47,5,'13-7-2018'
1868,99,2,'10-9-2020'
1869,97,5,'5-1-2020'
1870,21,4,'27-10-2019'
1871,73,5,'10-10-2017'
1872,7,1,'26-7-2020'
1873,32,4,'11-2-2020'
1874,65,5,'14-11-2019'
1875,94,5,'23-1-2020'
1876,3,2,'6-12-2018'
1877,33,4,'13-2-2019'
1878,47,1,'11-9-2020'
1879,24,1,'6-4-2019'
1880,92,2,'1-2-2018'
1881,100,1,'4-1-2019'
1882,53,1,'24-3-2019'
1883,65,5,'13-1-2018'
1884,66,3,'15-7-2020'
1885,76,3,'15-4-2019'
1886,56,4,'15-1-2020'
1887,55,2,'23-1-2019'
1888,11,4,'23-10-2020'
1889,21,5,'11-10-2020'
1890,65,2,'3-5-2018'
1891,95,2,'5-8-2020'
1892,95,4,'28-12-2019'
1893,11,2,'17-9-2018'
1894,50,3,'13-1-2018'
1895,96,4,'7-1-2019'
1896,75,4,'6-11-2019'
1897,26,4,'18-3-2019'
1898,67,2,'15-4-2018'
1899,15,4,'26-10-2017'
1900,86,5,'4-3-2020'
1901,28,5,'2-11-2020'
1902,46,1,'27-9-2019'
1903,24,4,'10-3-2020'
1904,93,4,'8-5-2017'
1905,46,3,'14-3-2018'
1906,21,1,'4-6-2017'
1907,33,4,'25-1-2020'
1908,73,1,'10-9-2018'
1909,98,4,'14-10-2018'
1910,91,3,'20-9-2019'
1911,42,5,'13-4-2019'
1912,62,4,'6-12-2018'
1913,70,2,'23-7-2019'
1914,15,1,'14-1-2017'
1915,73,2,'9-5-2019'
1916,81,4,'14-6-2017'
1917,13,4,'12-7-2020'
1918,73,4,'4-8-2017'
1919,78,2,'4-7-2018'
1920,15,1,'9-12-2020'
1921,88,3,'27-9-2020'
1922,78,3,'17-6-2017'
1923,5,4,'14-1-2019'
1924,85,2,'6-2-2019'
1925,74,2,'16-12-2020'
1926,76,5,'27-9-2019'
1927,55,3,'16-3-2020'
1928,18,2,'17-10-2018'
1929,64,4,'8-11-2018'
1930,66,2,'22-1-2019'
1931,2,1,'3-9-2018'
1932,84,2,'16-6-2017'
1933,39,2,'25-8-2019'
1934,20,4,'27-4-2017'
1935,4,4,'23-9-2020'
1936,32,5,'10-11-2018'
1937,70,5,'4-10-2019'
1938,78,4,'2-3-2019'
1939,35,3,'29-2-2020'
1940,10,5,'9-12-2019'
1941,29,3,'21-12-2019'
1942,8,3,'26-10-2017'
1943,27,3,'2-9-2020'
1944,54,2,'11-3-2018'
1945,35,5,'1-5-2018'
1946,67,1,'25-2-2019'
1947,22,1,'11-4-2017'
1948,92,2,'3-8-2017'
1949,43,2,'4-4-2018'
1950,75,4,'23-4-2018'
1951,65,4,'16-12-2017'
1952,53,1,'21-3-2019'
1953,11,5,'7-9-2019'
1954,29,1,'6-7-2017'
1955,24,3,'16-9-2018'
1956,71,3,'18-10-2017'
1957,79,5,'4-9-2019'
1958,36,2,'18-4-2019'
1959,75,1,'27-5-2019'
1960,100,3,'13-6-2019'
1961,67,3,'7-5-2020'
1962,67,2,'5-5-2017'
1963,92,5,'14-1-2020'
1964,59,1,'5-7-2017'
1965,26,5,'28-2-2019'
1966,83,3,'6-9-2018'
1967,44,2,'8-9-2019'
1968,3,2,'20-1-2017'
1969,31,2,'4-7-2018'
1970,17,3,'4-3-2017'
1971,77,4,'21-6-2018'
1972,36,5,'13-5-2017'
1973,7,4,'6-6-2019'
1974,98,5,'6-3-2019'
1975,12,2,'5-4-2019'
1976,42,5,'23-5-2017'
1977,4,5,'22-1-2019'
1978,49,3,'17-9-2020'
1979,79,2,'27-12-2017'
1980,56,4,'13-11-2017'
1981,73,5,'25-2-2020'
1982,60,4,'18-2-2020'
1983,22,3,'20-10-2018'
1984,87,3,'24-3-2018'
1985,4,4,'7-8-2018'
1986,98,5,'19-11-2019'
1987,20,1,'19-2-2020'
1988,59,3,'11-2-2020'
1989,17,1,'3-6-2020'
1990,94,3,'16-9-2018'
1991,99,5,'1-9-2017'
1992,70,4,'14-2-2018'
1993,35,5,'16-1-2019'
1994,12,1,'6-4-2017'
1995,3,4,'6-8-2017'
1996,47,4,'17-12-2018'
1997,82,3,'6-6-2018'
1998,12,4,'25-10-2020'
1999,33,4,'7-4-2020'
2000,93,4,'15-1-2020'
2001,41,,'13-7-2020'
2002,6,,'17-2-2019'
2003,54,,'25-3-2019'
2004,40,,'10-8-2020'
2005,54,,'3-7-2018'
2006,95,,'28-8-2020'
2007,22,,'18-10-2018'
2008,57,,'24-9-2017'
2009,26,,'7-11-2017'
2010,40,,'6-6-2018'
2011,77,,'15-12-2020'
2012,45,,'21-4-2020'
2013,14,,'2-5-2020'
2014,2,,'18-9-2018'
2015,45,,'11-8-2019'
2016,77,,'21-7-2017'
2017,19,,'13-4-2018'
2018,36,,'18-8-2018'
2019,98,,'8-12-2018'
2020,88,,'20-9-2018'
2021,43,,'9-7-2020'
2022,16,,'25-5-2018'
2023,58,,'1-3-2020'
2024,28,,'24-4-2019'
2025,78,,'6-4-2017'
2026,2,,'5-10-2020'
2027,37,,'16-3-2019'
2028,99,,'19-11-2019'
2029,42,,'21-9-2020'
2030,64,,'17-11-2019'
2031,90,,'24-8-2017'
2032,83,,'16-9-2018'
2033,57,,'14-1-2017'
2034,69,,'18-1-2018'
2035,58,,'20-2-2018'
2036,33,,'16-3-2017'
2037,17,,'6-10-2020'
2038,98,,'21-9-2019'
2039,92,,'10-5-2020'
2040,57,,'26-1-2017'
2041,90,,'12-2-2017'
2042,15,,'15-12-2018'
2043,74,,'20-3-2017'
2044,26,,'2-2-2019'
2045,36,,'18-1-2017'
2046,13,,'23-10-2019'
2047,63,,'8-7-2020'
2048,19,,'14-4-2020'
2049,90,,'3-7-2017'
2050,44,,'10-5-2018'
2051,31,,'20-10-2020'
2052,1,,'6-3-2018'
2053,37,,'3-2-2019'
2054,17,,'10-8-2019'
2055,29,,'20-10-2018'
2056,19,,'18-7-2020'
2057,78,,'20-10-2019'
2058,45,,'10-7-2017'
2059,58,,'15-7-2018'
2060,18,,'22-4-2020'
2061,74,,'9-11-2019'
2062,29,,'11-11-2020'
2063,19,,'23-11-2018'
2064,51,,'15-8-2019'
2065,61,,'27-6-2017'
2066,65,,'26-10-2020'
2067,12,,'28-4-2018'
2068,55,,'19-3-2019'
2069,29,,'19-10-2020'
2070,77,,'12-6-2018'
2071,97,,'18-10-2018'
2072,18,,'9-10-2019'
2073,28,,'21-6-2018'
2074,64,,'17-6-2019'
2075,64,,'23-3-2019'
2076,22,,'19-5-2019'
2077,38,,'13-11-2019'
2078,75,,'14-5-2020'
2079,2,,'2-12-2018'
2080,46,,'4-6-2017'
2081,52,,'4-1-2017'
2082,87,,'26-1-2019'
2083,10,,'21-10-2019'
2084,1,,'26-10-2018'
2085,87,,'14-9-2017'
2086,87,,'23-8-2017'
2087,5,,'4-5-2020'
2088,99,,'23-2-2018'
2089,91,,'3-8-2020'
2090,75,,'6-8-2019'
2091,6,,'11-9-2019'
2092,100,,'10-6-2020'
2093,67,,'25-8-2019'
2094,88,,'16-7-2017'
2095,93,,'26-1-2018'
2096,18,,'10-5-2020'
2097,90,,'4-10-2020'
2098,64,,'22-3-2020'
2099,8,,'19-7-2018'
2100,51,,'17-2-2017'
2101,85,,'2-7-2019'
2102,69,,'16-12-2017'
2103,73,,'15-9-2020'
2104,25,,'23-6-2020'
2105,7,,'8-3-2017'
2106,97,,'26-2-2018'
2107,91,,'15-9-2018'
2108,43,,'9-10-2020'
2109,33,,'2-4-2018'
2110,42,,'7-3-2020'
2111,100,,'28-7-2018'
2112,76,,'6-11-2018'
2113,83,,'13-4-2019'
2114,59,,'5-3-2020'
2115,55,,'5-6-2019'
2116,48,,'19-1-2018'
2117,10,,'7-3-2020'
2118,88,,'3-5-2020'
2119,77,,'16-10-2018'
2120,5,,'11-2-2017'
2121,100,,'19-3-2020'
2122,16,,'14-11-2019'
2123,59,,'26-10-2017'
2124,16,,'14-7-2019'
2125,94,,'23-4-2020'
2126,71,,'29-2-2020'
2127,95,,'17-2-2020'
2128,22,,'2-6-2017'
2129,81,,'11-10-2020'
2130,2,,'5-11-2020'
2131,77,,'4-10-2019'
2132,23,,'14-6-2020'
2133,42,,'18-8-2017'
2134,99,,'14-9-2018'
2135,82,,'5-8-2020'
2136,93,,'15-12-2017'
2137,55,,'26-10-2019'
2138,31,,'19-10-2017'
2139,10,,'22-7-2019'
2140,11,,'3-11-2019'
2141,36,,'17-4-2019'
2142,10,,'17-4-2017'
2143,34,,'24-8-2019'
2144,100,,'6-11-2020'
2145,33,,'23-4-2017'
2146,21,,'28-6-2017'
2147,38,,'15-1-2019'
2148,60,,'1-9-2020'
2149,73,,'28-5-2020'
2150,72,,'21-10-2019'
2151,50,,'4-3-2020'
2152,88,,'3-11-2020'
2153,83,,'10-5-2018'
2154,41,,'20-3-2018'
2155,37,,'23-10-2017'
2156,100,,'18-6-2019'
2157,47,,'7-7-2019'
2158,88,,'1-4-2019'
2159,26,,'5-3-2020'
2160,32,,'5-2-2019'
2161,97,,'9-9-2018'
2162,100,,'4-6-2018'
2163,100,,'14-10-2020'
2164,7,,'5-10-2020'
2165,54,,'17-10-2018'
2166,80,,'20-11-2017'
2167,65,,'5-6-2019'
2168,54,,'12-7-2019'
2169,52,,'17-1-2017'
2170,44,,'19-5-2018'
2171,14,,'8-10-2018'
2172,64,,'27-8-2020'
2173,12,,'9-10-2019'
2174,16,,'16-6-2018'
2175,12,,'18-11-2019'
2176,63,,'1-2-2017'
2177,21,,'6-7-2019'
2178,20,,'13-6-2017'
2179,34,,'19-10-2017'
2180,88,,'9-9-2018'
2181,16,,'16-6-2018'
2182,47,,'5-8-2020'
2183,98,,'7-3-2018'
2184,46,,'10-3-2018'
2185,53,,'17-11-2020'
2186,70,,'21-9-2018'
2187,87,,'2-1-2019'
2188,38,,'4-3-2019'
2189,49,,'26-1-2019'
2190,14,,'11-6-2020'
2191,33,,'13-3-2017'
2192,21,,'27-8-2019'
2193,95,,'28-11-2018'
2194,5,,'10-8-2017'
2195,35,,'2-11-2019'
2196,68,,'17-12-2019'
2197,93,,'19-6-2018'
2198,5,,'16-4-2018'
2199,36,,'4-12-2018'
2200,78,,'7-2-2018'
2201,85,,'2-9-2019'
2202,39,,'18-8-2018'
2203,37,,'18-5-2019'
2204,48,,'27-3-2018'
2205,28,,'7-8-2020'
2206,5,,'13-3-2017'
2207,24,,'27-9-2019'
2208,80,,'5-10-2019'
2209,4,,'27-11-2019'
2210,65,,'9-1-2019'
2211,54,,'3-8-2018'
2212,36,,'20-11-2020'
2213,40,,'16-9-2018'
2214,67,,'7-6-2019'
2215,45,,'21-12-2018'
2216,52,,'15-4-2017'
2217,60,,'24-5-2018'
2218,35,,'17-2-2018'
2219,42,,'19-2-2018'
2220,6,,'20-11-2020'
2221,55,,'10-3-2017'
2222,26,,'27-3-2017'
2223,80,,'19-3-2020'
2224,4,,'3-11-2018'
2225,69,,'7-9-2019'
2226,98,,'1-1-2018'
2227,67,,'12-6-2017'
2228,84,,'17-10-2017'
2229,64,,'17-10-2019'
2230,56,,'6-12-2019'
2231,19,,'3-10-2017'
2232,72,,'1-12-2017'
2233,62,,'24-7-2019'
2234,57,,'3-1-2019'
2235,34,,'13-5-2017'
2236,6,,'1-10-2018'
2237,83,,'21-5-2018'
2238,2,,'27-12-2019'
2239,91,,'9-6-2020'
2240,9,,'23-10-2018'
2241,58,,'23-11-2020'
2242,93,,'5-10-2017'
2243,21,,'17-6-2017'
2244,41,,'18-6-2018'
2245,38,,'17-6-2018'
2246,22,,'23-12-2020'
2247,17,,'20-10-2018'
2248,25,,'25-12-2019'
2249,36,,'5-7-2020'
2250,74,,'4-5-2018'
2251,66,,'1-9-2020'
2252,8,,'26-8-2019'
2253,76,,'26-6-2020'
2254,63,,'19-11-2017'
2255,16,,'21-9-2017'
2256,21,,'24-10-2020'
2257,69,,'2-8-2017'
2258,94,,'9-1-2018'
2259,3,,'16-6-2018'
2260,82,,'20-8-2019'
2261,62,,'27-10-2020'
2262,25,,'26-9-2017'
2263,42,,'24-1-2020'
2264,74,,'14-10-2019'
2265,79,,'9-3-2018'
2266,65,,'15-7-2018'
2267,50,,'19-10-2019'
2268,86,,'25-3-2019'
2269,27,,'25-12-2020'
2270,89,,'15-4-2018'
2271,16,,'8-9-2018'
2272,56,,'13-1-2019'
2273,90,,'20-2-2017'
2274,54,,'23-7-2018'
2275,50,,'6-2-2018'
2276,51,,'23-11-2017'
2277,11,,'17-4-2018'
2278,35,,'13-4-2019'
2279,59,,'18-11-2020'
2280,6,,'16-9-2019'
2281,61,,'2-7-2018'
2282,60,,'12-9-2020'
2283,14,,'14-11-2019'
2284,10,,'6-3-2018'
2285,73,,'25-7-2018'
2286,16,,'21-6-2018'
2287,70,,'22-10-2017'
2288,3,,'7-6-2018'
2289,91,,'20-3-2018'
2290,94,,'15-9-2019'
2291,92,,'20-3-2018'
2292,40,,'6-7-2018'
2293,99,,'23-9-2019'
2294,60,,'7-3-2017'
2295,16,,'10-1-2018'
2296,47,,'3-2-2020'
2297,26,,'2-4-2019'
2298,64,,'15-7-2019'
2299,36,,'23-4-2017'
2300,8,,'24-11-2020'
2301,52,,'16-5-2019'
2302,73,,'28-7-2019'
2303,89,,'8-9-2020'
2304,85,,'22-9-2019'
2305,69,,'2-11-2019'
2306,6,,'21-2-2020'
2307,86,,'25-12-2017'
2308,46,,'2-12-2017'
2309,64,,'6-8-2020'
2310,78,,'10-1-2018'
2311,42,,'20-4-2019'
2312,68,,'4-12-2018'
2313,39,,'18-12-2017'
2314,34,,'1-6-2019'
2315,73,,'22-3-2020'
2316,5,,'11-8-2020'
2317,41,,'19-6-2018'
2318,99,,'5-2-2019'
2319,19,,'21-8-2019'
2320,84,,'16-5-2018'
2321,4,,'9-6-2020'
2322,31,,'7-9-2018'
2323,14,,'21-3-2020'
2324,45,,'22-12-2018'
2325,68,,'8-12-2017'
2326,10,,'11-7-2020'
2327,8,,'11-7-2019'
2328,48,,'22-1-2020'
2329,7,,'24-10-2018'
2330,87,,'5-1-2017'
2331,69,,'6-7-2018'
2332,57,,'16-7-2018'
2333,50,,'26-12-2018'
2334,36,,'3-4-2020'
2335,69,,'1-2-2017'
2336,85,,'19-7-2020'
2337,1,,'17-7-2019'
2338,18,,'2-7-2019'
2339,72,,'24-8-2018'
2340,48,,'2-11-2017'
2341,92,,'9-5-2020'
2342,64,,'25-6-2017'
2343,8,,'16-1-2020'
2344,42,,'19-10-2018'
2345,6,,'18-11-2019'
2346,52,,'3-1-2017'
2347,70,,'19-2-2019'
2348,60,,'17-7-2019'
2349,3,,'28-9-2017'
2350,94,,'10-3-2020'
2351,74,,'4-3-2017'
2352,26,,'28-11-2019'
2353,73,,'12-2-2017'
2354,57,,'22-4-2018'
2355,75,,'1-8-2017'
2356,89,,'23-10-2018'
2357,22,,'19-3-2018'
2358,12,,'1-7-2019'
2359,51,,'13-10-2017'
2360,38,,'5-6-2020'
2361,18,,'11-8-2020'
2362,35,,'18-6-2019'
2363,84,,'4-3-2020'
2364,49,,'15-7-2020'
2365,63,,'18-3-2018'
2366,47,,'8-1-2020'
2367,7,,'11-12-2017'
2368,81,,'16-2-2018'
2369,70,,'19-8-2017'
2370,70,,'19-7-2020'
2371,50,,'24-3-2018'
2372,24,,'16-10-2020'
2373,89,,'26-12-2019'
2374,77,,'20-9-2018'
2375,61,,'20-12-2018'
2376,65,,'2-1-2018'
2377,21,,'17-11-2017'
2378,50,,'17-1-2017'
2379,60,,'8-8-2017'
2380,20,,'25-11-2018'
2381,55,,'1-2-2020'
2382,84,,'2-4-2017'
2383,37,,'14-5-2018'
2384,5,,'16-1-2020'
2385,47,,'26-3-2017'
2386,38,,'8-5-2018'
2387,53,,'6-6-2020'
2388,40,,'17-12-2017'
2389,82,,'2-3-2020'
2390,49,,'16-12-2018'
2391,68,,'21-4-2018'
2392,15,,'1-1-2017'
2393,18,,'15-11-2018'
2394,32,,'8-9-2020'
2395,28,,'26-3-2017'
2396,26,,'26-9-2019'
2397,43,,'6-5-2017'
2398,50,,'26-1-2019'
2399,19,,'10-9-2017'
2400,18,,'22-11-2020'
2401,4,,'3-10-2017'
2402,88,,'14-5-2017'
2403,70,,'13-12-2018'
2404,8,,'17-1-2020'
2405,44,,'15-1-2017'
2406,77,,'21-8-2018'
2407,20,,'14-7-2017'
2408,70,,'16-8-2018'
2409,68,,'6-3-2019'
2410,50,,'13-3-2020'
2411,99,,'6-1-2017'
2412,84,,'27-6-2018'
2413,91,,'6-9-2017'
2414,15,,'7-11-2019'
2415,84,,'8-3-2019'
2416,30,,'3-10-2018'
2417,18,,'9-3-2020'
2418,48,,'19-5-2018'
2419,74,,'2-5-2018'
2420,15,,'28-8-2020'
2421,82,,'1-6-2019'
2422,25,,'5-8-2020'
2423,47,,'4-9-2019'
2424,33,,'28-11-2018'
2425,85,,'23-10-2019'
2426,49,,'14-2-2019'
2427,71,,'12-2-2017'
2428,33,,'6-10-2019'
2429,26,,'6-1-2019'
2430,78,,'6-4-2019'
2431,85,,'10-7-2019'
2432,26,,'6-7-2020'
2433,71,,'16-10-2017'
2434,64,,'5-6-2017'
2435,32,,'26-4-2020'
2436,6,,'23-2-2018'
2437,80,,'27-5-2017'
2438,71,,'26-4-2017'
2439,64,,'6-9-2019'
2440,9,,'28-8-2017'
2441,67,,'6-2-2017'
2442,15,,'25-9-2017'
2443,61,,'11-10-2019'
2444,16,,'3-6-2019'
2445,52,,'5-1-2017'
2446,1,,'14-10-2019'
2447,61,,'18-7-2019'
2448,49,,'24-1-2020'
2449,70,,'13-3-2020'
2450,18,,'17-12-2018'
2451,31,,'8-5-2017'
2452,16,,'13-5-2019'
2453,27,,'10-7-2018'
2454,73,,'27-6-2018'
2455,66,,'20-9-2019'
2456,69,,'2-6-2018'
2457,76,,'13-1-2019'
2458,31,,'27-2-2019'
2459,95,,'23-5-2017'
2460,72,,'4-11-2018'
2461,92,,'2-8-2017'
2462,34,,'4-1-2020'
2463,72,,'14-10-2018'
2464,90,,'5-5-2019'
2465,84,,'18-2-2017'
2466,73,,'8-1-2017'
2467,80,,'20-8-2020'
2468,41,,'20-7-2020'
2469,87,,'12-4-2018'
2470,43,,'4-3-2018'
2471,61,,'21-2-2019'
2472,92,,'3-2-2018'
2473,85,,'13-10-2020'
2474,2,,'11-12-2020'
2475,38,,'15-6-2017'
2476,4,,'23-9-2018'
2477,54,,'22-7-2020'
2478,73,,'25-4-2017'
2479,61,,'12-8-2019'
2480,48,,'20-11-2019'
2481,12,,'10-8-2017'
2482,18,,'22-9-2018'
2483,12,,'21-9-2019'
2484,6,,'28-5-2020'
2485,70,,'14-6-2017'
2486,38,,'6-4-2017'
2487,91,,'3-3-2020'
2488,56,,'25-6-2019'
2489,78,,'26-4-2019'
2490,95,,'5-4-2018'
2491,9,,'9-2-2018'
2492,68,,'29-2-2020'
2493,43,,'4-12-2019'
2494,1,,'1-6-2017'
2495,5,,'19-1-2020'
2496,38,,'3-8-2019'
2497,64,,'3-11-2018'
2498,1,,'8-12-2020'
2499,26,,'22-4-2020'
2500,56,,'9-6-2017'
2501,57,,'3-6-2017'
2502,50,,'1-11-2019'
2503,32,,'19-11-2017'
2504,33,,'4-2-2018'
2505,26,,'22-4-2018'
2506,83,,'1-5-2017'
2507,18,,'21-10-2018'
2508,49,,'5-7-2020'
2509,38,,'10-2-2018'
2510,43,,'21-8-2019'
2511,4,,'4-12-2019'
2512,93,,'5-6-2017'
2513,91,,'24-7-2018'
2514,26,,'7-11-2018'
2515,22,,'20-3-2018'
2516,12,,'26-2-2020'
2517,72,,'17-7-2019'
2518,69,,'14-6-2017'
2519,58,,'28-10-2017'
2520,100,,'17-8-2020'
2521,29,,'14-2-2019'
2522,6,,'5-12-2019'
2523,7,,'6-12-2020'
2524,79,,'28-1-2018'
2525,84,,'8-12-2020'
2526,62,,'26-1-2020'
2527,25,,'10-10-2019'
2528,47,,'24-3-2019'
2529,91,,'22-9-2018'
2530,52,,'27-4-2020'
2531,100,,'1-11-2018'
2532,59,,'11-4-2017'
2533,66,,'5-8-2019'
2534,98,,'26-6-2017'
2535,22,,'6-2-2017'
2536,35,,'19-1-2019'
2537,12,,'8-8-2018'
2538,54,,'10-5-2020'
2539,84,,'11-6-2020'
2540,50,,'8-9-2019'
2541,97,,'18-9-2018'
2542,25,,'19-12-2017'
2543,59,,'12-6-2020'
2544,69,,'12-7-2017'
2545,56,,'12-1-2020'
2546,83,,'3-1-2019'
2547,2,,'18-3-2017'
2548,1,,'12-1-2018'
2549,15,,'20-6-2020'
2550,40,,'24-1-2020'
2551,59,,'10-10-2019'
2552,2,,'17-7-2020'
2553,26,,'25-11-2020'
2554,69,,'13-12-2017'
2555,72,,'27-11-2017'
2556,9,,'16-3-2020'
2557,89,,'4-2-2017'
2558,78,,'13-5-2018'
2559,80,,'12-12-2019'
2560,80,,'8-12-2018'
2561,70,,'19-12-2020'
2562,68,,'12-8-2020'
2563,22,,'23-9-2020'
2564,56,,'20-7-2017'
2565,46,,'12-2-2020'
2566,100,,'23-4-2017'
2567,7,,'22-4-2017'
2568,86,,'21-12-2018'
2569,88,,'16-9-2019'
2570,61,,'21-8-2017'
2571,29,,'2-4-2018'
2572,8,,'8-2-2020'
2573,75,,'13-9-2017'
2574,16,,'1-5-2018'
2575,72,,'23-6-2019'
2576,41,,'16-11-2017'
2577,84,,'17-10-2017'
2578,28,,'7-5-2017'
2579,78,,'11-9-2018'
2580,39,,'26-11-2018'
2581,36,,'18-10-2019'
2582,49,,'25-5-2019'
2583,31,,'16-10-2020'
2584,89,,'11-10-2019'
2585,16,,'8-3-2018'
2586,34,,'5-11-2017'
2587,88,,'24-6-2020'
2588,60,,'22-8-2017'
2589,72,,'25-2-2017'
2590,66,,'9-7-2020'
2591,44,,'13-10-2018'
2592,53,,'7-1-2019'
2593,15,,'17-8-2018'
2594,4,,'16-8-2020'
2595,14,,'28-6-2018'
2596,64,,'6-2-2020'
2597,80,,'27-9-2017'
2598,2,,'10-11-2017'
2599,11,,'7-7-2020'
2600,22,,'12-9-2017'
2601,61,,'28-6-2020'
2602,19,,'11-3-2018'
2603,75,,'25-5-2020'
2604,6,,'5-9-2017'
2605,80,,'15-12-2017'
2606,57,,'27-7-2020'
2607,47,,'12-8-2017'
2608,95,,'2-8-2017'
2609,71,,'14-2-2019'
2610,70,,'3-12-2020'
2611,18,,'15-7-2019'
2612,46,,'23-4-2019'
2613,20,,'15-1-2017'
2614,2,,'5-8-2019'
2615,31,,'3-3-2017'
2616,65,,'14-3-2017'
2617,68,,'1-12-2019'
2618,13,,'9-11-2017'
2619,16,,'27-1-2019'
2620,71,,'20-4-2019'
2621,91,,'9-3-2018'
2622,14,,'15-1-2019'
2623,43,,'14-7-2017'
2624,14,,'26-9-2018'
2625,16,,'7-3-2017'
2626,82,,'14-5-2020'
2627,37,,'1-8-2017'
2628,15,,'28-12-2019'
2629,70,,'19-12-2020'
2630,92,,'20-8-2020'
2631,39,,'1-6-2017'
2632,100,,'19-4-2020'
2633,94,,'6-6-2020'
2634,38,,'4-10-2019'
2635,22,,'6-4-2017'
2636,96,,'3-7-2018'
2637,74,,'24-6-2020'
2638,84,,'17-8-2018'
2639,76,,'8-5-2018'
2640,21,,'24-9-2017'
2641,26,,'2-2-2017'
2642,13,,'12-6-2018'
2643,98,,'11-9-2019'
2644,13,,'26-1-2019'
2645,55,,'10-4-2018'
2646,19,,'23-9-2018'
2647,17,,'23-2-2018'
2648,44,,'10-12-2017'
2649,38,,'9-12-2020'
2650,26,,'13-10-2020'
2651,17,,'23-5-2020'
2652,89,,'26-2-2019'
2653,69,,'28-5-2018'
2654,94,,'2-6-2018'
2655,82,,'19-2-2017'
2656,74,,'25-8-2019'
2657,28,,'23-12-2020'
2658,87,,'7-3-2019'
2659,73,,'16-5-2020'
2660,93,,'12-6-2018'
2661,78,,'9-1-2017'
2662,98,,'25-6-2020'
2663,73,,'4-4-2020'
2664,62,,'27-5-2019'
2665,26,,'4-7-2018'
2666,25,,'24-11-2020'
2667,74,,'23-5-2019'
2668,45,,'23-8-2019'
2669,19,,'8-8-2020'
2670,17,,'12-10-2020'
2671,47,,'14-11-2017'
2672,39,,'3-2-2018'
2673,71,,'2-12-2018'
2674,61,,'18-2-2018'
2675,43,,'13-2-2017'
2676,99,,'12-3-2017'
2677,75,,'16-9-2018'
2678,92,,'1-11-2017'
2679,5,,'4-10-2018'
2680,75,,'5-1-2017'
2681,20,,'22-7-2020'
2682,26,,'14-10-2019'
2683,90,,'19-12-2017'
2684,88,,'13-9-2018'
2685,29,,'19-7-2018'
2686,51,,'3-6-2017'
2687,58,,'13-8-2020'
2688,18,,'16-1-2019'
2689,7,,'19-1-2017'
2690,60,,'28-11-2020'
2691,35,,'28-2-2020'
2692,28,,'16-8-2020'
2693,99,,'7-3-2017'
2694,41,,'19-9-2018'
2695,24,,'14-2-2018'
2696,67,,'3-7-2019'
2697,92,,'2-10-2020'
2698,60,,'11-1-2020'
2699,91,,'23-10-2017'
2700,55,,'2-12-2018'
2701,5,,'25-6-2018'
2702,91,,'11-4-2019'
2703,64,,'27-6-2020'
2704,40,,'21-12-2018'
2705,85,,'26-3-2020'
2706,82,,'26-1-2017'
2707,35,,'22-12-2019'
2708,53,,'6-1-2018'
2709,36,,'17-7-2017'
2710,37,,'15-12-2020'
2711,19,,'13-4-2017'
2712,87,,'13-1-2017'
2713,60,,'28-4-2019'
2714,82,,'5-1-2018'
2715,92,,'27-7-2018'
2716,70,,'12-7-2020'
2717,14,,'26-6-2017'
2718,9,,'26-6-2019'
2719,82,,'23-9-2017'
2720,82,,'8-10-2020'
2721,63,,'28-10-2017'
2722,8,,'25-6-2019'
2723,63,,'7-3-2018'
2724,87,,'22-6-2019'
2725,96,,'17-3-2020'
2726,28,,'11-7-2019'
2727,53,,'2-9-2019'
2728,77,,'15-6-2019'
2729,9,,'21-11-2018'
2730,22,,'12-4-2019'
2731,18,,'18-4-2018'
2732,61,,'26-12-2018'
2733,90,,'13-10-2020'
2734,92,,'12-2-2018'
2735,47,,'1-2-2017'
2736,59,,'26-11-2017'
2737,16,,'7-7-2019'
2738,77,,'14-2-2018'
2739,71,,'22-1-2017'
2740,57,,'15-1-2018'
2741,10,,'27-3-2019'
2742,7,,'24-10-2019'
2743,6,,'10-5-2017'
2744,28,,'4-8-2017'
2745,44,,'10-6-2020'
2746,53,,'16-6-2018'
2747,56,,'13-3-2019'
2748,85,,'15-2-2018'
2749,70,,'21-7-2018'
2750,25,,'3-6-2017'
2751,12,,'27-4-2017'
2752,25,,'18-3-2018'
2753,48,,'26-7-2019'
2754,42,,'23-8-2019'
2755,93,,'24-8-2020'
2756,68,,'22-5-2020'
2757,71,,'28-9-2018'
2758,84,,'13-7-2019'
2759,58,,'1-7-2017'
2760,39,,'8-12-2020'
2761,58,,'21-5-2018'
2762,82,,'18-9-2020'
2763,90,,'24-11-2018'
2764,32,,'15-11-2019'
2765,43,,'4-4-2017'
2766,5,,'12-3-2020'
2767,20,,'8-12-2018'
2768,36,,'6-3-2020'
2769,40,,'24-3-2018'
2770,95,,'8-3-2018'
2771,8,,'8-7-2019'
2772,58,,'3-9-2019'
2773,27,,'22-1-2017'
2774,73,,'1-8-2020'
2775,99,,'14-4-2017'
2776,81,,'5-1-2020'
2777,1,,'25-4-2018'
2778,73,,'23-1-2020'
2779,34,,'5-8-2018'
2780,58,,'18-4-2018'
2781,81,,'24-8-2018'
2782,19,,'27-3-2019'
2783,42,,'2-3-2017'
2784,3,,'16-2-2018'
2785,18,,'26-1-2017'
2786,12,,'7-2-2019'
2787,1,,'9-10-2018'
2788,5,,'21-1-2018'
2789,36,,'23-3-2018'
2790,3,,'16-11-2017'
2791,34,,'17-1-2020'
2792,98,,'11-1-2019'
2793,19,,'9-12-2017'
2794,21,,'27-6-2017'
2795,28,,'6-7-2018'
2796,7,,'16-8-2019'
2797,70,,'22-9-2019'
2798,93,,'9-12-2019'
2799,28,,'26-8-2020'
2800,99,,'19-9-2017'
2801,95,,'23-6-2020'
2802,52,,'26-9-2020'
2803,80,,'25-7-2018'
2804,55,,'16-10-2020'
2805,7,,'28-11-2020'
2806,62,,'11-9-2020'
2807,13,,'8-10-2017'
2808,47,,'20-10-2017'
2809,90,,'22-6-2018'
2810,57,,'4-10-2020'
2811,63,,'18-6-2020'
2812,62,,'28-8-2019'
2813,6,,'4-6-2018'
2814,2,,'6-4-2020'
2815,6,,'6-12-2020'
2816,86,,'20-6-2019'
2817,82,,'13-12-2017'
2818,16,,'17-7-2018'
2819,100,,'13-4-2019'
2820,64,,'13-9-2017'
2821,50,,'20-9-2020'
2822,71,,'11-7-2018'
2823,1,,'23-12-2018'
2824,51,,'6-3-2019'
2825,67,,'6-5-2017'
2826,97,,'14-6-2017'
2827,65,,'7-2-2019'
2828,61,,'18-10-2017'
2829,41,,'18-2-2017'
2830,69,,'17-10-2018'
2831,47,,'4-5-2020'
2832,92,,'16-7-2020'
2833,23,,'19-10-2020'
2834,56,,'1-7-2017'
2835,92,,'7-1-2020'
2836,53,,'25-12-2020'
2837,87,,'3-8-2018'
2838,64,,'4-8-2018'
2839,27,,'4-6-2020'
2840,5,,'23-7-2019'
2841,94,,'3-12-2017'
2842,41,,'24-1-2020'
2843,13,,'8-11-2019'
2844,4,,'22-1-2019'
2845,95,,'23-8-2017'
2846,20,,'19-10-2017'
2847,24,,'10-1-2017'
2848,94,,'26-2-2020'
2849,21,,'28-1-2019'
2850,96,,'28-8-2019'
2851,78,,'8-10-2019'
2852,5,,'22-10-2019'
2853,52,,'4-12-2018'
2854,14,,'3-2-2020'
2855,24,,'12-12-2020'
2856,84,,'24-3-2017'
2857,12,,'11-9-2019'
2858,97,,'17-10-2019'
2859,97,,'4-7-2019'
2860,44,,'4-11-2019'
2861,100,,'22-7-2017'
2862,88,,'5-12-2019'
2863,74,,'16-8-2017'
2864,82,,'12-10-2017'
2865,44,,'22-4-2018'
2866,60,,'10-6-2018'
2867,56,,'2-8-2017'
2868,97,,'19-9-2019'
2869,64,,'21-7-2018'
2870,83,,'26-5-2018'
2871,75,,'22-4-2019'
2872,86,,'17-1-2019'
2873,24,,'18-11-2020'
2874,52,,'16-1-2019'
2875,69,,'8-12-2017'
2876,11,,'14-2-2018'
2877,54,,'12-7-2020'
2878,21,,'4-8-2019'
2879,88,,'15-10-2020'
2880,74,,'18-8-2018'
2881,41,,'11-10-2018'
2882,4,,'10-2-2019'
2883,44,,'25-9-2017'
2884,24,,'10-9-2019'
2885,10,,'1-9-2020'
2886,43,,'6-1-2020'
2887,70,,'28-3-2019'
2888,87,,'23-9-2017'
2889,57,,'12-5-2020'
2890,84,,'22-7-2020'
2891,76,,'19-7-2018'
2892,10,,'21-7-2017'
2893,21,,'12-2-2019'
2894,85,,'21-12-2019'
2895,20,,'16-10-2017'
2896,37,,'27-3-2019'
2897,89,,'18-3-2018'
2898,93,,'19-2-2017'
2899,39,,'19-1-2017'
2900,89,,'1-12-2017'
2901,43,,'19-11-2017'
2902,6,,'5-11-2017'
2903,74,,'11-11-2018'
2904,76,,'17-4-2017'
2905,22,,'12-11-2020'
2906,41,,'13-9-2018'
2907,83,,'5-5-2017'
2908,20,,'4-11-2017'
2909,36,,'15-5-2020'
2910,74,,'14-10-2019'
2911,74,,'26-9-2019'
2912,65,,'5-12-2020'
2913,13,,'16-9-2018'
2914,10,,'18-1-2020'
2915,6,,'7-11-2018'
2916,18,,'10-9-2018'
2917,21,,'17-7-2020'
2918,43,,'22-2-2018'
2919,20,,'12-4-2020'
2920,67,,'20-1-2020'
2921,55,,'12-3-2019'
2922,87,,'12-8-2018'
2923,48,,'5-9-2019'
2924,45,,'26-2-2017'
2925,59,,'19-4-2018'
2926,33,,'8-11-2017'
2927,42,,'24-12-2020'
2928,10,,'22-2-2020'
2929,46,,'13-10-2017'
2930,46,,'16-10-2020'
2931,92,,'9-8-2018'
2932,85,,'1-4-2020'
2933,69,,'13-7-2019'
2934,100,,'27-1-2020'
2935,67,,'21-4-2017'
2936,93,,'16-9-2017'
2937,100,,'22-3-2017'
2938,86,,'22-5-2018'
2939,17,,'22-1-2019'
2940,8,,'23-12-2017'
2941,3,,'5-12-2017'
2942,89,,'2-9-2019'
2943,85,,'24-4-2019'
2944,34,,'19-5-2017'
2945,21,,'9-9-2018'
2946,84,,'18-4-2018'
2947,10,,'21-5-2017'
2948,74,,'24-4-2020'
2949,20,,'28-8-2018'
2950,31,,'16-3-2019'
2951,96,,'12-7-2018'
2952,33,,'11-8-2018'
2953,73,,'13-4-2017'
2954,71,,'8-2-2019'
2955,91,,'26-8-2020'
2956,51,,'5-10-2017'
2957,37,,'14-8-2019'
2958,82,,'6-2-2018'
2959,75,,'26-11-2020'
2960,43,,'21-9-2020'
2961,13,,'23-4-2019'
2962,70,,'1-12-2020'
2963,22,,'22-12-2020'
2964,66,,'26-9-2018'
2965,20,,'8-5-2018'
2966,65,,'19-9-2019'
2967,4,,'25-12-2019'
2968,36,,'23-5-2018'
2969,75,,'17-8-2019'
2970,56,,'10-10-2019'
2971,83,,'9-4-2020'
2972,97,,'28-11-2017'
2973,78,,'14-2-2019'
2974,56,,'27-6-2020'
2975,8,,'4-12-2020'
2976,32,,'23-5-2018'
2977,81,,'27-10-2020'
2978,78,,'7-4-2018'
2979,19,,'19-5-2018'
2980,5,,'25-11-2019'
2981,62,,'23-1-2019'
2982,23,,'8-8-2020'
2983,44,,'20-6-2020'
2984,37,,'16-10-2017'
2985,1,,'15-7-2019'
2986,34,,'24-10-2019'
2987,75,,'17-7-2018'
2988,39,,'13-8-2018'
2989,29,,'14-10-2017'
2990,83,,'2-3-2017'
2991,32,,'13-1-2017'
2992,42,,'28-4-2019'
2993,37,,'4-9-2018'
2994,68,,'26-2-2019'
2995,20,,'19-12-2019'
2996,22,,'14-1-2020'
2997,100,,'28-6-2020'
2998,15,,'3-5-2020'
2999,37,,'24-2-2019'
3000,6,,'8-1-2017'
