951,10/05/2015
952,11/04/2015
953,02/28/2016
954,09/10/2016
955,09/18/2016
956,10/16/2016
957,12/01/2016
958,12/05/2016
959,01/12/2017
960,02/26/2017
961,07/31/2017
962,09/30/2017
963,03/03/2018
964,08/22/2018
965,12/17/2018
966,04/16/2019
967,05/12/2019
968,08/13/2019
969,01/18/2020
970,04/27/2020
971,05/02/2020
972,06/28/2020
973,07/07/2020
974,11/10/2020
975,11/16/2020
976,02/10/2016
977,03/08/2016
978,08/09/2016
979,08/25/2016
980,01/22/2017
981,02/06/2017
982,07/24/2017
983,01/15/2018
984,07/05/2018
985,09/27/2018
986,10/31/2018
987,01/11/2019
988,02/24/2019
989,08/13/2019
990,09/15/2019
991,03/18/2020
992,05/09/2020
993,08/30/2020
994,09/10/2020
995,12/20/2020
996,01/20/2021
997,01/27/2021
998,01/29/2021
999,02/13/2021
1000,02/18/2021
1001,10/19/2018
1002,03/19/2018
1003,08/15/2020
1004,08/14/2018
1005,11/14/2017
1006,05/09/2020
1007,09/28/2017
1008,02/11/2020
1009,05/01/2017
1010,07/19/2017
1011,04/20/2018
1012,11/10/2019
1013,08/21/2019
1014,01/26/2018
1015,06/13/2020
1016,01/13/2020
1017,05/13/2017
1018,06/03/2017
1019,06/24/2018
1020,06/23/2020
1021,07/26/2019
1022,12/03/2019
1023,10/09/2019
1024,07/23/2017
1025,08/22/2017
1026,10/14/2019
1027,08/15/2020
1028,12/11/2020
1029,11/24/2020
1030,07/20/2017
1031,04/01/2019
1032,03/06/2019
1033,03/17/2018
1034,01/07/2017
1035,07/18/2019
1036,09/14/2019
1037,02/26/2019
1038,10/16/2017
1039,06/10/2020
1040,06/01/2019
1041,02/01/2018
1042,03/15/2017
1043,12/20/2018
1044,07/07/2020
1045,06/10/2018
1046,03/23/2017
1047,04/07/2017
1048,07/20/2017
1049,09/27/2018
1050,09/05/2019
1051,04/20/2017
1052,06/14/2018
1053,04/15/2020
1054,06/16/2019
1055,09/02/2018
1056,03/15/2019
1057,06/15/2018
1058,06/19/2019
1059,06/11/2020
1060,07/25/2020
1061,06/04/2020
1062,03/03/2020
1063,06/03/2018
1064,10/19/2017
1065,05/10/2018
1066,08/16/2018
1067,03/14/2017
1068,09/21/2020
1069,06/06/2019
1070,06/15/2019
1071,12/02/2020
1072,11/14/2018
1073,05/19/2017
1074,05/24/2019
1075,11/25/2020
1076,07/20/2020
1077,10/24/2020
1078,11/11/2018
1079,06/22/2017
1080,12/03/2017
1081,02/22/2018
1082,11/06/2017
1083,03/08/2019
1084,03/16/2017
1085,11/19/2019
1086,06/01/2020
1087,09/18/2020
1088,07/14/2020
1089,09/19/2018
1090,06/08/2017
1091,08/11/2019
1092,09/11/2017
1093,10/05/2018
1094,06/13/2020
1095,04/18/2020
1096,02/23/2020
1097,02/01/2019
1098,09/13/2019
1099,06/07/2018
1100,02/15/2020
1101,08/01/2017
1102,11/18/2020
1103,05/20/2020
1104,10/27/2017
1105,03/21/2018
1106,06/22/2020
1107,02/10/2018
1108,09/25/2020
1109,11/11/2019
1110,09/22/2018
1111,02/17/2018
1112,10/06/2017
1113,01/02/2019
1114,10/08/2017
1115,03/26/2020
1116,06/19/2019
1117,02/10/2019
1118,04/02/2020
1119,07/20/2020
1120,12/06/2019
1121,11/06/2018
1122,11/09/2018
1123,09/12/2018
1124,08/13/2020
1125,01/26/2020
1126,09/02/2020
1127,02/24/2017
1128,05/18/2017
1129,03/09/2019
1130,12/21/2020
1131,07/04/2017
1132,09/23/2019
1133,05/19/2018
1134,07/27/2020
1135,02/03/2018
1136,06/05/2019
1137,10/19/2018
1138,08/06/2018
1139,08/07/2020
1140,06/11/2020
1141,11/11/2018
1142,06/26/2020
1143,06/27/2019
1144,08/06/2020
1145,07/26/2018
1146,12/05/2017
1147,09/13/2020
1148,06/04/2017
1149,02/22/2018
1150,11/20/2019
1151,07/16/2019
1152,01/03/2020
1153,04/08/2020
1154,04/02/2018
1155,02/05/2018
1156,03/23/2020
1157,05/20/2020
1158,05/27/2019
1159,11/02/2017
1160,05/05/2018
1161,09/09/2019
1162,06/05/2019
1163,07/08/2020
1164,10/19/2018
1165,08/26/2019
1166,10/07/2017
1167,02/09/2018
1168,04/23/2020
1169,07/08/2017
1170,07/10/2018
1171,05/04/2019
1172,05/18/2017
1173,11/10/2018
1174,10/13/2020
1175,05/16/2018
1176,01/04/2019
1177,11/13/2019
1178,10/12/2019
1179,09/25/2020
1180,07/08/2020
1181,04/17/2020
1182,09/05/2017
1183,07/08/2018
1184,01/17/2017
1185,04/20/2019
1186,09/08/2019
1187,07/20/2018
1188,10/13/2017
1189,08/19/2018
1190,06/10/2019
1191,10/11/2020
1192,05/14/2017
1193,12/07/2020
1194,09/26/2017
1195,04/09/2019
1196,11/21/2017
1197,08/20/2019
1198,01/01/2020
1199,06/15/2020
1200,08/28/2019
1201,09/27/2018
1202,09/05/2017
1203,04/28/2018
1204,06/14/2017
1205,12/12/2018
1206,07/04/2017
1207,07/07/2018
1208,11/03/2019
1209,01/28/2018
1210,10/09/2019
1211,07/02/2017
1212,09/03/2017
1213,08/08/2020
1214,12/15/2020
1215,09/14/2018
1216,01/06/2017
1217,06/11/2018
1218,07/15/2018
1219,05/09/2019
1220,03/02/2017
1221,03/14/2020
1222,10/05/2020
1223,08/26/2019
1224,02/05/2018
1225,10/07/2017
1226,10/07/2018
1227,03/11/2017
1228,06/09/2018
1229,07/03/2017
1230,03/22/2019
1231,07/04/2017
1232,06/03/2017
1233,06/02/2017
1234,11/27/2018
1235,04/15/2020
1236,09/27/2020
1237,08/08/2019
1238,12/09/2020
1239,09/12/2019
1240,02/06/2018
1241,11/11/2018
1242,09/04/2020
1243,03/02/2017
1244,08/05/2017
1245,09/02/2020
1246,02/25/2017
1247,04/02/2017
1248,05/23/2020
1249,02/01/2018
1250,10/02/2017
1251,07/02/2020
1252,06/02/2017
1253,01/07/2017
1254,01/14/2020
1255,05/10/2017
1256,05/09/2020
1257,10/06/2017
1258,01/10/2017
1259,02/25/2019
1260,12/02/2019
1261,11/20/2020
1262,07/26/2018
1263,03/08/2019
1264,02/15/2017
1265,11/25/2018
1266,04/26/2020
1267,04/08/2018
1268,04/04/2018
1269,07/02/2018
1270,05/13/2019
1271,03/22/2019
1272,02/05/2018
1273,09/14/2019
1274,08/25/2017
1275,05/17/2018
1276,10/28/2018
1277,04/14/2019
1278,08/07/2020
1279,09/04/2020
1280,12/10/2019
1281,11/23/2018
1282,06/13/2018
1283,04/25/2018
1284,04/25/2020
1285,12/19/2020
1286,02/05/2017
1287,02/04/2017
1288,02/08/2019
1289,08/03/2018
1290,03/11/2020
1291,12/02/2019
1292,11/27/2020
1293,06/21/2019
1294,04/02/2020
1295,03/08/2018
1296,08/06/2017
1297,08/23/2018
1298,06/23/2018
1299,08/13/2017
1300,08/21/2018
1301,04/11/2019
1302,10/24/2017
1303,06/06/2018
1304,06/22/2019
1305,05/08/2020
1306,07/10/2017
1307,05/23/2019
1308,12/28/2017
1309,05/26/2020
1310,08/03/2017
1311,10/13/2017
1312,06/01/2017
1313,06/17/2017
1314,04/21/2017
1315,03/21/2019
1316,09/08/2020
1317,04/06/2018
1318,12/11/2018
1319,09/07/2019
1320,08/26/2020
1321,04/21/2017
1322,11/07/2020
1323,12/11/2018
1324,01/19/2017
1325,10/02/2017
1326,01/16/2017
1327,11/26/2017
1328,12/01/2019
1329,07/15/2017
1330,06/05/2017
1331,10/04/2018
1332,02/27/2019
1333,07/05/2020
1334,03/07/2018
1335,02/26/2020
1336,06/17/2020
1337,08/12/2018
1338,08/13/2018
1339,11/07/2019
1340,07/21/2018
1341,06/21/2017
1342,10/13/2019
1343,09/07/2018
1344,08/05/2017
1345,03/23/2017
1346,08/10/2020
1347,04/22/2018
1348,02/20/2018
1349,12/23/2019
1350,03/02/2020
1351,08/21/2017
1352,06/02/2019
1353,08/19/2020
1354,02/22/2017
1355,10/25/2018
1356,05/08/2019
1357,10/24/2018
1358,08/19/2020
1359,12/14/2019
1360,10/08/2017
1361,11/25/2018
1362,04/16/2020
1363,10/19/2018
1364,02/28/2017
1365,08/02/2020
1366,01/28/2017
1367,04/28/2018
1368,05/07/2018
1369,08/06/2020
1370,03/23/2018
1371,08/17/2018
1372,09/21/2018
1373,01/18/2017
1374,11/22/2019
1375,05/28/2017
1376,10/13/2018
1377,06/22/2018
1378,12/19/2019
1379,03/15/2018
1380,02/02/2019
1381,09/06/2020
1382,03/20/2020
1383,10/28/2018
1384,06/25/2019
1385,11/05/2018
1386,05/08/2017
1387,08/03/2017
1388,09/17/2019
1389,06/06/2018
1390,01/11/2018
1391,12/21/2017
1392,12/22/2017
1393,05/19/2017
1394,06/08/2019
1395,10/15/2017
1396,10/08/2017
1397,01/11/2018
1398,03/06/2017
1399,02/29/2020
1400,01/28/2017
1401,08/11/2019
1402,09/17/2019
1403,04/23/2020
1404,08/18/2018
1405,03/05/2020
1406,01/26/2018
1407,03/05/2019
1408,11/19/2019
1409,05/01/2020
1410,09/02/2019
1411,08/01/2019
1412,12/01/2017
1413,07/15/2019
1414,12/13/2019
1415,06/22/2020
1416,07/02/2017
1417,01/01/2020
1418,08/12/2017
1419,07/23/2020
1420,05/25/2019
1421,08/06/2020
1422,08/07/2020
1423,10/17/2018
1424,01/16/2018
1425,11/07/2019
1426,02/17/2017
1427,10/03/2018
1428,12/25/2018
1429,07/26/2020
1430,12/07/2017
1431,12/26/2020
1432,01/13/2017
1433,02/20/2017
1434,09/04/2020
1435,10/13/2017
1436,09/14/2018
1437,09/22/2017
1438,09/10/2019
1439,07/11/2019
1440,01/18/2019
1441,04/05/2020
1442,06/08/2020
1443,09/28/2017
1444,11/03/2019
1445,05/05/2020
1446,12/27/2020
1447,10/22/2017
1448,01/19/2020
1449,04/15/2020
1450,07/14/2018
1451,07/24/2019
1452,11/16/2017
1453,07/01/2018
1454,06/03/2019
1455,10/01/2019
1456,02/18/2017
1457,01/14/2019
1458,04/09/2018
1459,02/20/2020
1460,11/19/2020
1461,08/23/2018
1462,02/20/2017
1463,09/03/2018
1464,12/12/2020
1465,04/05/2017
1466,12/25/2020
1467,10/24/2018
1468,09/15/2018
1469,03/26/2020
1470,01/26/2020
1471,04/07/2019
1472,05/22/2017
1473,06/25/2020
1474,04/08/2019
1475,09/17/2020
1476,08/23/2018
1477,03/23/2019
1478,12/23/2017
1479,04/28/2017
1480,02/25/2019
1481,10/23/2017
1482,11/10/2019
1483,09/14/2020
1484,03/26/2018
1485,02/27/2020
1486,01/19/2017
1487,11/06/2018
1488,02/17/2020
1489,12/13/2020
1490,10/28/2020
1491,05/18/2018
1492,08/07/2019
1493,01/08/2017
1494,10/13/2017
1495,08/28/2019
1496,03/10/2017
1497,02/10/2017
1498,02/23/2017
1499,10/15/2018
1500,04/20/2017
1501,07/17/2020
1502,09/28/2019
1503,04/01/2017
1504,11/20/2018
1505,05/03/2017
1506,04/10/2018
1507,11/24/2019
1508,07/07/2017
1509,12/08/2019
1510,12/24/2019
1511,09/27/2019
1512,08/12/2020
1513,03/05/2018
1514,10/02/2017
1515,02/28/2019
1516,04/01/2017
1517,04/06/2020
1518,03/01/2018
1519,12/19/2017
1520,03/06/2017
1521,08/01/2020
1522,07/28/2020
1523,03/08/2017
1524,05/04/2018
1525,08/07/2020
1526,07/06/2017
1527,12/03/2019
1528,12/07/2018
1529,08/05/2017
1530,03/16/2018
1531,02/22/2019
1532,03/11/2017
1533,01/07/2019
1534,08/01/2019
1535,07/05/2017
1536,03/18/2020
1537,06/06/2018
1538,03/01/2018
1539,10/27/2019
1540,05/08/2020
1541,02/05/2019
1542,07/10/2018
1543,10/01/2018
1544,10/01/2018
1545,03/14/2020
1546,04/19/2018
1547,09/10/2019
1548,01/21/2019
1549,06/09/2017
1550,08/23/2018
1551,03/07/2020
1552,05/28/2019
1553,12/09/2017
1554,04/14/2019
1555,06/15/2019
1556,10/06/2019
1557,11/25/2017
1558,09/23/2019
1559,02/19/2020
1560,08/07/2019
1561,12/10/2017
1562,05/02/2017
1563,09/14/2017
1564,01/17/2017
1565,01/07/2017
1566,10/27/2019
1567,02/11/2019
1568,12/28/2019
1569,06/06/2017
1570,04/09/2019
1571,09/28/2018
1572,12/13/2020
1573,04/26/2018
1574,09/27/2020
1575,01/04/2017
1576,04/10/2018
1577,07/02/2020
1578,11/02/2019
1579,10/17/2019
1580,03/28/2017
1581,08/06/2018
1582,01/20/2019
1583,08/25/2018
1584,07/13/2018
1585,10/15/2020
1586,06/09/2017
1587,11/04/2018
1588,11/25/2017
1589,04/13/2019
1590,12/06/2018
1591,07/14/2019
1592,02/03/2019
1593,05/16/2017
1594,09/05/2020
1595,06/22/2020
1596,04/14/2017
1597,12/26/2017
1598,07/12/2020
1599,02/02/2019
1600,02/08/2020
1601,11/26/2019
1602,06/10/2019
1603,03/09/2020
1604,08/08/2018
1605,05/26/2017
1606,02/03/2019
1607,09/23/2019
1608,09/20/2019
1609,09/14/2019
1610,03/23/2018
1611,06/23/2019
1612,07/08/2018
1613,01/26/2020
1614,10/11/2019
1615,12/06/2018
1616,04/14/2019
1617,02/16/2020
1618,03/10/2018
1619,08/26/2019
1620,04/02/2019
1621,10/02/2017
1622,05/18/2020
1623,10/25/2019
1624,10/22/2020
1625,11/20/2017
1626,09/13/2018
1627,02/09/2019
1628,02/06/2018
1629,01/19/2020
1630,03/24/2017
1631,04/03/2020
1632,07/07/2019
1633,02/16/2017
1634,02/23/2019
1635,07/19/2020
1636,05/05/2020
1637,03/18/2018
1638,02/01/2017
1639,01/15/2019
1640,12/25/2017
1641,11/26/2018
1642,09/09/2017
1643,12/14/2019
1644,06/17/2017
1645,02/13/2018
1646,06/18/2019
1647,12/10/2020
1648,12/16/2018
1649,01/22/2017
1650,12/28/2018
1651,10/11/2019
1652,07/23/2018
1653,04/09/2019
1654,10/22/2019
1655,04/21/2017
1656,10/18/2018
1657,11/01/2019
1658,10/18/2019
1659,07/12/2019
1660,04/02/2020
1661,11/28/2017
1662,10/11/2017
1663,06/19/2017
1664,02/28/2020
1665,03/15/2020
1666,09/14/2019
1667,07/18/2017
1668,10/03/2017
1669,09/14/2020
1670,02/25/2018
1671,10/12/2018
1672,05/06/2018
1673,11/08/2020
1674,03/08/2017
1675,03/20/2020
1676,03/07/2019
1677,07/27/2017
1678,06/15/2019
1679,10/16/2017
1680,05/15/2019
1681,03/11/2019
1682,11/06/2019
1683,12/14/2019
1684,05/02/2017
1685,12/01/2020
1686,03/19/2019
1687,05/20/2020
1688,01/18/2018
1689,02/28/2017
1690,07/20/2020
1691,08/18/2019
1692,08/17/2017
1693,06/26/2020
1694,07/27/2018
1695,04/06/2019
1696,11/21/2020
1697,04/06/2017
1698,03/03/2018
1699,01/11/2019
1700,09/05/2018
1701,06/27/2020
1702,11/20/2018
1703,02/05/2019
1704,02/17/2020
1705,07/10/2020
1706,02/06/2020
1707,05/09/2017
1708,01/19/2019
1709,08/14/2019
1710,02/08/2018
1711,05/01/2017
1712,05/12/2020
1713,04/17/2018
1714,05/20/2017
1715,06/18/2017
1716,04/19/2019
1717,03/04/2017
1718,02/25/2018
1719,01/17/2019
1720,11/14/2018
1721,11/12/2020
1722,06/11/2020
1723,01/05/2018
1724,10/08/2018
1725,10/18/2018
1726,03/15/2017
1727,02/09/2019
1728,03/07/2018
1729,02/08/2019
1730,03/14/2020
1731,11/07/2017
1732,02/15/2020
1733,04/24/2019
1734,04/22/2019
1735,11/20/2019
1736,02/12/2018
1737,05/28/2019
1738,08/15/2017
1739,04/21/2020
1740,05/12/2020
1741,10/04/2017
1742,02/22/2017
1743,07/01/2020
1744,09/23/2020
1745,04/19/2019
1746,11/19/2019
1747,05/05/2020
1748,09/23/2019
1749,09/25/2019
1750,08/08/2018
1751,08/14/2018
1752,08/17/2020
1753,07/07/2017
1754,04/14/2018
1755,03/24/2018
1756,08/02/2019
1757,06/19/2018
1758,06/02/2020
1759,07/20/2017
1760,12/16/2017
1761,01/28/2020
1762,02/20/2017
1763,04/12/2018
1764,03/01/2017
1765,06/02/2017
1766,05/01/2020
1767,01/14/2020
1768,12/07/2019
1769,12/20/2019
1770,03/28/2020
1771,09/16/2019
1772,08/23/2020
1773,08/12/2019
1774,07/08/2019
1775,04/24/2018
1776,08/27/2019
1777,06/12/2018
1778,04/12/2018
1779,04/19/2019
1780,01/25/2020
1781,11/04/2017
1782,05/05/2019
1783,12/05/2018
1784,10/17/2018
1785,06/22/2018
1786,12/03/2020
1787,02/24/2020
1788,08/25/2019
1789,09/20/2020
1790,08/03/2019
1791,04/12/2020
1792,03/23/2019
1793,07/23/2017
1794,01/01/2020
1795,06/28/2017
1796,07/18/2017
1797,09/21/2020
1798,03/28/2017
1799,08/09/2020
1800,08/07/2017
1801,07/12/2019
1802,01/21/2018
1803,01/11/2020
1804,09/17/2019
1805,10/01/2017
1806,01/24/2019
1807,02/08/2020
1808,06/11/2020
1809,07/20/2018
1810,07/27/2020
1811,05/08/2020
1812,03/17/2018
1813,03/24/2019
1814,11/01/2020
1815,07/23/2017
1816,07/26/2020
1817,03/06/2020
1818,02/25/2020
1819,03/05/2018
1820,05/12/2019
1821,08/28/2020
1822,09/14/2019
1823,11/12/2020
1824,01/25/2018
1825,09/23/2019
1826,03/27/2019
1827,12/08/2017
1828,06/11/2020
1829,12/03/2017
1830,07/16/2020
1831,01/27/2018
1832,09/20/2017
1833,08/28/2019
1834,03/19/2019
1835,11/01/2020
1836,10/05/2019
1837,11/26/2017
1838,06/06/2019
1839,10/22/2017
1840,07/05/2018
1841,08/27/2020
1842,02/21/2017
1843,08/13/2019
1844,12/24/2018
1845,02/09/2019
1846,11/12/2020
1847,02/06/2019
1848,11/23/2020
1849,11/12/2019
1850,12/28/2019
1851,07/09/2020
1852,05/04/2018
1853,07/13/2020
1854,02/23/2020
1855,02/07/2017
1856,07/25/2019
1857,07/17/2020
1858,06/12/2017
1859,08/24/2019
1860,09/14/2019
1861,06/18/2017
1862,04/05/2020
1863,09/23/2019
1864,09/15/2019
1865,12/20/2019
1866,09/14/2019
1867,07/13/2018
1868,09/10/2020
1869,01/05/2020
1870,10/27/2019
1871,10/10/2017
1872,07/26/2020
1873,02/11/2020
1874,11/14/2019
1875,01/23/2020
1876,12/06/2018
1877,02/13/2019
1878,09/11/2020
1879,04/06/2019
1880,02/01/2018
1881,01/04/2019
1882,03/24/2019
1883,01/13/2018
1884,07/15/2020
1885,04/15/2019
1886,01/15/2020
1887,01/23/2019
1888,10/23/2020
1889,10/11/2020
1890,05/03/2018
1891,08/05/2020
1892,12/28/2019
1893,09/17/2018
1894,01/13/2018
1895,01/07/2019
1896,11/06/2019
1897,03/18/2019
1898,04/15/2018
1899,10/26/2017
1900,03/04/2020
1901,11/02/2020
1902,09/27/2019
1903,03/10/2020
1904,05/08/2017
1905,03/14/2018
1906,06/04/2017
1907,01/25/2020
1908,09/10/2018
1909,10/14/2018
1910,09/20/2019
1911,04/13/2019
1912,12/06/2018
1913,07/23/2019
1914,01/14/2017
1915,05/09/2019
1916,06/14/2017
1917,07/12/2020
1918,08/04/2017
1919,07/04/2018
1920,12/09/2020
1921,09/27/2020
1922,06/17/2017
1923,01/14/2019
1924,02/06/2019
1925,12/16/2020
1926,09/27/2019
1927,03/16/2020
1928,10/17/2018
1929,11/08/2018
1930,01/22/2019
1931,09/03/2018
1932,06/16/2017
1933,08/25/2019
1934,04/27/2017
1935,09/23/2020
1936,11/10/2018
1937,10/04/2019
1938,03/02/2019
1939,02/29/2020
1940,12/09/2019
1941,12/21/2019
1942,10/26/2017
1943,09/02/2020
1944,03/11/2018
1945,05/01/2018
1946,02/25/2019
1947,04/11/2017
1948,08/03/2017
1949,04/04/2018
1950,04/23/2018
1951,12/16/2017
1952,03/21/2019
1953,09/07/2019
1954,07/06/2017
1955,09/16/2018
1956,10/18/2017
1957,09/04/2019
1958,04/18/2019
1959,05/27/2019
1960,06/13/2019
1961,05/07/2020
1962,05/05/2017
1963,01/14/2020
1964,07/05/2017
1965,02/28/2019
1966,09/06/2018
1967,09/08/2019
1968,01/20/2017
1969,07/04/2018
1970,03/04/2017
1971,06/21/2018
1972,05/13/2017
1973,06/06/2019
1974,03/06/2019
1975,04/05/2019
1976,05/23/2017
1977,01/22/2019
1978,09/17/2020
1979,12/27/2017
1980,11/13/2017
1981,02/25/2020
1982,02/18/2020
1983,10/20/2018
1984,03/24/2018
1985,08/07/2018
1986,11/19/2019
1987,02/19/2020
1988,02/11/2020
1989,06/03/2020
1990,09/16/2018
1991,09/01/2017
1992,02/14/2018
1993,01/16/2019
1994,04/06/2017
1995,08/06/2017
1996,12/17/2018
1997,06/06/2018
1998,10/25/2020
1999,04/07/2020
2000,01/15/2020
1,12/17/2015
2,04/27/2016
3,04/28/2016
4,06/21/2016
5,12/14/2016
6,02/24/2017
7,05/01/2017
8,06/15/2017
9,01/18/2018
10,02/07/2018
11,03/21/2018
12,11/12/2018
13,02/23/2019
14,05/10/2019
15,08/03/2019
16,01/26/2020
17,04/20/2020
18,04/24/2020
19,05/21/2020
20,09/16/2020
21,10/22/2020
22,12/11/2020
23,12/20/2020
24,12/31/2020
25,01/02/2021
26,10/04/2015
27,01/02/2016
28,01/09/2016
29,06/12/2016
30,07/28/2016
31,09/22/2016
32,02/15/2017
33,05/21/2017
34,06/02/2017
35,07/21/2017
36,10/29/2017
37,01/21/2018
38,05/29/2018
39,05/31/2018
40,06/13/2018
41,08/24/2018
42,10/06/2018
43,04/14/2019
44,08/09/2019
45,03/14/2020
46,06/04/2020
47,11/28/2020
48,12/19/2020
49,02/15/2021
50,02/23/2021
51,01/24/2016
52,04/11/2016
53,08/01/2016
54,11/17/2016
55,01/11/2017
56,05/19/2017
57,01/02/2018
58,01/20/2018
59,02/15/2018
60,03/25/2018
61,09/14/2018
62,11/01/2018
63,03/03/2019
64,09/19/2019
65,10/13/2019
66,03/12/2020
67,03/25/2020
68,06/03/2020
69,06/18/2020
70,07/03/2020
71,07/28/2020
72,11/09/2020
73,12/30/2020
74,01/05/2021
75,03/21/2021
76,10/09/2015
77,07/26/2016
78,10/14/2016
79,12/18/2016
80,02/08/2017
81,05/15/2017
82,07/12/2017
83,07/16/2017
84,08/31/2017
85,09/21/2017
86,10/24/2017
87,01/12/2018
88,04/22/2018
89,08/05/2018
90,09/16/2018
91,12/06/2018
92,03/31/2019
93,05/18/2019
94,08/05/2020
95,09/12/2020
96,09/22/2020
97,12/09/2020
98,01/03/2021
99,01/07/2021
100,01/13/2021
101,10/02/2015
102,10/31/2015
103,11/29/2015
104,12/21/2015
105,01/09/2016
106,12/22/2016
107,05/04/2017
108,05/11/2017
109,07/13/2017
110,09/15/2017
111,09/28/2017
112,12/16/2017
113,04/02/2018
114,04/13/2018
115,04/30/2018
116,10/22/2018
117,04/14/2019
118,05/25/2019
119,06/14/2019
120,07/01/2019
121,07/06/2019
122,08/27/2019
123,09/12/2019
124,07/25/2020
125,09/08/2020
126,10/06/2015
127,10/20/2015
128,01/04/2016
129,02/21/2016
130,03/21/2016
131,03/24/2016
132,05/13/2016
133,08/30/2016
134,10/26/2016
135,05/14/2017
136,07/18/2017
137,10/09/2017
138,11/04/2017
139,04/03/2018
140,06/08/2018
141,10/26/2018
142,12/14/2018
143,01/06/2019
144,01/10/2019
145,03/09/2019
146,10/12/2020
147,12/15/2020
148,12/18/2020
149,01/11/2021
150,01/29/2021
151,10/05/2015
152,01/12/2016
153,05/29/2016
154,06/08/2016
155,06/19/2016
156,08/02/2016
157,12/10/2016
158,03/17/2017
159,03/31/2017
160,07/06/2017
161,09/27/2017
162,04/25/2018
163,10/18/2018
164,05/19/2019
165,07/01/2019
166,07/19/2019
167,12/20/2019
168,01/22/2020
169,02/13/2020
170,02/18/2020
171,04/01/2020
172,08/18/2020
173,11/26/2020
174,02/26/2021
175,03/12/2021
176,12/09/2015
177,02/01/2016
178,04/10/2016
179,07/04/2016
180,08/11/2016
181,09/11/2016
182,09/21/2016
183,01/03/2017
184,02/07/2017
185,04/24/2017
186,07/21/2017
187,02/12/2018
188,07/07/2018
189,08/06/2018
190,09/13/2018
191,12/25/2018
192,03/13/2019
193,08/05/2019
194,01/06/2020
195,01/09/2020
196,01/26/2020
197,04/04/2020
198,06/01/2020
199,08/13/2020
200,09/20/2020
201,03/02/2016
202,04/26/2016
203,05/17/2016
204,09/02/2016
205,07/17/2017
206,07/30/2017
207,08/18/2017
208,08/27/2017
209,09/09/2017
210,03/09/2018
211,05/31/2018
212,07/17/2018
213,09/12/2018
214,09/13/2018
215,01/22/2019
216,02/02/2019
217,04/21/2019
218,11/07/2019
219,12/23/2019
220,01/16/2020
221,02/26/2020
222,03/24/2020
223,06/16/2020
224,09/17/2020
225,09/26/2020
226,12/10/2015
227,01/11/2016
228,02/06/2016
229,04/30/2016
230,09/14/2016
231,10/18/2016
232,07/13/2017
233,09/01/2017
234,10/26/2017
235,12/07/2017
236,01/24/2018
237,08/23/2018
238,11/06/2018
239,12/02/2018
240,01/23/2019
241,02/13/2019
242,05/20/2019
243,10/22/2019
244,12/13/2019
245,06/28/2020
246,07/01/2020
247,07/02/2020
248,07/21/2020
249,07/24/2020
250,12/24/2020
251,12/12/2015
252,03/26/2016
253,05/20/2016
254,06/01/2016
255,08/24/2016
256,09/16/2016
257,11/06/2016
258,01/05/2017
259,05/13/2017
260,07/24/2017
261,08/16/2017
262,04/07/2018
263,06/16/2018
264,07/06/2018
265,07/26/2018
266,08/28/2018
267,10/15/2018
268,07/27/2019
269,03/04/2020
270,04/05/2020
271,04/22/2020
272,08/02/2020
273,09/11/2020
274,09/24/2020
275,03/24/2021
276,11/07/2015
277,02/01/2016
278,03/02/2016
279,06/30/2016
280,10/15/2016
281,10/22/2016
282,12/22/2016
283,09/09/2017
284,02/13/2018
285,03/23/2018
286,04/28/2018
287,04/29/2018
288,06/18/2018
289,06/20/2019
290,06/21/2019
291,07/29/2019
292,08/20/2019
293,01/22/2020
294,02/09/2020
295,08/19/2020
296,09/24/2020
297,11/06/2020
298,12/18/2020
299,02/10/2021
300,02/17/2021
301,01/20/2016
302,06/03/2016
303,07/05/2016
304,07/15/2016
305,03/08/2017
306,07/27/2017
307,08/21/2017
308,10/11/2017
309,11/05/2017
310,11/11/2017
311,01/15/2018
312,01/30/2018
313,04/17/2018
314,06/07/2018
315,08/16/2018
316,11/07/2018
317,03/08/2019
318,04/28/2019
319,06/03/2019
320,04/09/2020
321,06/27/2020
322,07/04/2020
323,08/27/2020
324,12/14/2020
325,01/12/2021
326,11/07/2015
327,05/14/2016
328,02/13/2017
329,04/12/2017
330,05/24/2017
331,06/20/2017
332,07/02/2017
333,07/13/2017
334,09/01/2017
335,09/18/2017
336,03/07/2018
337,05/07/2018
338,09/01/2018
339,11/17/2018
340,04/09/2019
341,05/03/2019
342,10/07/2019
343,11/03/2019
344,01/06/2020
345,02/28/2020
346,06/11/2020
347,07/04/2020
348,07/23/2020
349,01/15/2021
350,02/14/2021
351,12/08/2015
352,04/11/2016
353,05/03/2016
354,06/19/2016
355,07/21/2016
356,08/22/2016
357,09/20/2016
358,11/18/2016
359,03/13/2017
360,05/11/2017
361,06/05/2017
362,04/26/2018
363,07/21/2018
364,08/15/2018
365,02/15/2019
366,03/06/2019
367,04/16/2019
368,08/04/2019
369,08/08/2019
370,11/06/2019
371,04/30/2020
372,08/09/2020
373,09/22/2020
374,12/17/2020
375,01/08/2021
376,12/18/2015
377,05/31/2016
378,08/08/2016
379,02/10/2017
380,04/16/2017
381,05/10/2017
382,05/25/2017
383,06/28/2017
384,07/29/2017
385,09/17/2017
386,09/19/2017
387,10/14/2017
388,09/17/2018
389,12/23/2018
390,02/25/2019
391,06/14/2019
392,07/30/2019
393,09/22/2019
394,11/19/2019
395,12/02/2019
396,12/13/2019
397,01/09/2020
398,06/29/2020
399,07/10/2020
400,10/16/2020
401,10/09/2015
402,10/23/2015
403,11/01/2015
404,04/24/2016
405,05/27/2016
406,06/08/2016
407,09/21/2016
408,12/17/2016
409,12/22/2017
410,03/23/2018
411,04/16/2018
412,07/10/2018
413,08/12/2018
414,01/24/2019
415,02/26/2019
416,08/26/2019
417,10/13/2019
418,01/20/2020
419,02/06/2020
420,06/18/2020
421,06/27/2020
422,07/28/2020
423,08/25/2020
424,12/24/2020
425,03/03/2021
426,06/13/2016
427,09/12/2016
428,10/06/2016
429,11/13/2016
430,01/16/2017
431,01/18/2017
432,08/31/2017
433,10/30/2017
434,12/11/2017
435,01/03/2018
436,03/26/2018
437,04/17/2018
438,04/26/2018
439,01/05/2019
440,04/08/2019
441,05/10/2019
442,05/20/2019
443,06/11/2019
444,07/29/2019
445,08/11/2019
446,02/16/2020
447,04/12/2020
448,07/20/2020
449,11/14/2020
450,01/29/2021
451,03/30/2016
452,05/28/2016
453,08/05/2016
454,08/20/2016
455,10/26/2016
456,12/23/2016
457,02/06/2017
458,02/26/2017
459,04/02/2017
460,04/27/2017
461,05/14/2017
462,07/06/2017
463,07/23/2017
464,11/18/2017
465,05/11/2018
466,06/12/2018
467,01/01/2019
468,01/22/2019
469,02/24/2019
470,06/27/2019
471,10/15/2019
472,05/31/2020
473,06/05/2020
474,07/29/2020
475,12/02/2020
476,10/14/2015
477,05/15/2016
478,06/07/2016
479,11/23/2016
480,01/30/2017
481,02/06/2017
482,05/31/2017
483,11/10/2017
484,03/05/2018
485,04/27/2018
486,05/07/2018
487,10/19/2018
488,03/29/2019
489,09/24/2019
490,10/08/2019
491,12/30/2019
492,02/13/2020
493,10/16/2020
494,01/15/2021
495,02/01/2021
496,02/05/2021
497,02/15/2021
498,02/17/2021
499,03/02/2021
500,03/10/2021
501,10/03/2015
502,12/01/2015
503,02/28/2016
504,07/09/2016
505,12/11/2016
506,12/28/2016
507,02/03/2018
508,02/13/2018
509,06/05/2018
510,07/06/2018
511,09/06/2018
512,10/09/2018
513,10/15/2018
514,11/09/2018
515,12/14/2018
516,03/23/2019
517,07/19/2019
518,08/31/2019
519,01/27/2020
520,03/05/2020
521,03/23/2020
522,08/08/2020
523,09/06/2020
524,09/20/2020
525,10/17/2020
526,11/01/2015
527,12/01/2015
528,01/03/2016
529,02/22/2016
530,01/07/2017
531,07/02/2017
532,08/22/2017
533,01/11/2018
534,03/09/2018
535,07/20/2018
536,01/20/2019
537,07/07/2019
538,10/06/2019
539,10/15/2019
540,01/23/2020
541,03/04/2020
542,03/22/2020
543,04/06/2020
544,06/01/2020
545,06/02/2020
546,06/08/2020
547,12/01/2020
548,02/01/2021
549,02/06/2021
550,03/24/2021
551,12/09/2015
552,01/27/2016
553,02/26/2016
554,06/06/2016
555,09/26/2016
556,03/10/2017
557,07/30/2017
558,08/24/2017
559,10/04/2017
560,10/13/2017
561,04/19/2018
562,07/30/2018
563,11/13/2018
564,02/13/2019
565,07/25/2019
566,09/01/2019
567,11/05/2019
568,11/13/2019
569,12/22/2019
570,04/03/2020
571,04/14/2020
572,04/16/2020
573,06/17/2020
574,10/27/2020
575,03/28/2021
576,10/02/2015
577,10/30/2015
578,12/23/2015
579,04/14/2016
580,04/29/2016
581,05/05/2016
582,07/08/2016
583,12/15/2016
584,02/27/2017
585,01/12/2018
586,03/07/2018
587,08/22/2018
588,10/14/2018
589,12/08/2018
590,05/15/2019
591,05/31/2019
592,06/13/2019
593,07/28/2019
594,08/10/2019
595,08/30/2019
596,11/28/2019
597,01/05/2020
598,03/20/2020
599,04/12/2020
600,03/08/2021
601,10/11/2015
602,02/25/2016
603,03/28/2016
604,05/14/2016
605,10/02/2016
606,10/26/2016
607,12/15/2016
608,07/12/2017
609,09/24/2017
610,11/12/2017
611,12/13/2017
612,03/25/2018
613,07/28/2018
614,09/15/2018
615,12/10/2018
616,04/03/2019
617,06/04/2019
618,11/18/2019
619,11/27/2019
620,02/22/2020
621,05/15/2020
622,06/19/2020
623,09/08/2020
624,01/15/2021
625,01/25/2021
626,11/02/2015
627,06/05/2016
628,06/13/2016
629,10/02/2016
630,01/28/2017
631,03/03/2017
632,03/06/2017
633,07/21/2017
634,12/03/2017
635,12/17/2017
636,04/11/2018
637,05/17/2018
638,05/25/2018
639,08/20/2018
640,01/24/2019
641,02/09/2019
642,05/23/2019
643,10/05/2019
644,11/02/2019
645,12/13/2019
646,04/11/2020
647,06/13/2020
648,08/11/2020
649,10/22/2020
650,12/19/2020
651,05/24/2016
652,11/08/2016
653,01/22/2017
654,05/18/2017
655,12/04/2017
656,01/20/2018
657,02/10/2018
658,03/16/2018
659,05/06/2018
660,06/06/2018
661,01/28/2019
662,04/01/2019
663,04/27/2019
664,09/06/2019
665,12/15/2019
666,01/04/2020
667,02/15/2020
668,03/04/2020
669,04/19/2020
670,05/20/2020
671,07/01/2020
672,08/01/2020
673,09/01/2020
674,10/31/2020
675,12/27/2020
676,10/12/2015
677,04/12/2016
678,08/22/2016
679,12/19/2016
680,02/07/2017
681,05/14/2017
682,05/18/2017
683,01/25/2018
684,04/02/2018
685,04/06/2018
686,05/13/2018
687,06/24/2018
688,09/24/2018
689,11/16/2018
690,06/02/2019
691,08/17/2019
692,11/08/2019
693,03/02/2020
694,04/14/2020
695,08/02/2020
696,09/15/2020
697,10/02/2020
698,10/04/2020
699,02/03/2021
700,03/10/2021
701,04/14/2016
702,04/22/2016
703,11/22/2016
704,01/20/2017
705,10/30/2017
706,01/07/2018
707,04/07/2018
708,04/17/2018
709,06/12/2018
710,10/23/2018
711,11/20/2018
712,12/12/2018
713,01/07/2019
714,03/31/2019
715,04/02/2019
716,07/26/2019
717,10/16/2019
718,11/14/2019
719,02/17/2020
720,05/20/2020
721,06/06/2020
722,06/21/2020
723,08/12/2020
724,09/01/2020
725,03/02/2021
726,03/21/2016
727,01/29/2017
728,02/07/2017
729,04/03/2017
730,04/06/2017
731,04/20/2017
732,06/25/2017
733,08/26/2017
734,01/11/2018
735,05/13/2018
736,09/08/2018
737,09/29/2018
738,10/21/2018
739,05/06/2019
740,10/06/2019
741,12/19/2019
742,02/18/2020
743,02/25/2020
744,07/06/2020
745,07/20/2020
746,08/05/2020
747,09/15/2020
748,10/04/2020
749,03/04/2021
750,03/13/2021
751,01/06/2016
752,01/12/2016
753,06/20/2016
754,06/29/2016
755,10/03/2016
756,11/09/2016
757,02/16/2017
758,02/18/2017
759,11/05/2017
760,07/23/2018
761,11/23/2018
762,02/05/2019
763,05/13/2019
764,06/17/2019
765,11/01/2019
766,01/05/2020
767,01/11/2020
768,01/19/2020
769,03/31/2020
770,06/22/2020
771,08/15/2020
772,09/03/2020
773,09/19/2020
774,09/29/2020
775,12/23/2020
776,10/17/2015
777,03/03/2016
778,04/27/2016
779,09/22/2016
780,10/27/2016
781,01/16/2017
782,03/27/2017
783,04/01/2017
784,06/05/2017
785,12/23/2017
786,02/22/2018
787,04/12/2018
788,09/23/2018
789,12/06/2018
790,01/18/2019
791,03/08/2019
792,07/10/2019
793,07/25/2019
794,09/02/2019
795,02/06/2020
796,08/12/2020
797,10/07/2020
798,01/01/2021
799,02/06/2021
800,02/23/2021
801,10/30/2015
802,02/17/2016
803,09/12/2016
804,09/13/2016
805,09/21/2016
806,02/15/2017
807,06/28/2017
808,08/26/2017
809,09/20/2017
810,11/04/2017
811,01/23/2018
812,01/25/2018
813,02/03/2018
814,04/05/2018
815,08/01/2018
816,12/02/2018
817,12/29/2018
818,05/23/2019
819,07/06/2019
820,12/19/2019
821,12/25/2019
822,03/03/2020
823,04/05/2020
824,07/23/2020
825,09/11/2020
826,10/12/2015
827,12/20/2015
828,03/16/2016
829,06/29/2016
830,08/08/2016
831,11/18/2016
832,05/17/2017
833,07/05/2017
834,08/07/2017
835,08/30/2017
836,12/12/2017
837,12/23/2017
838,06/07/2018
839,07/05/2018
840,02/01/2019
841,02/14/2019
842,03/11/2019
843,04/02/2019
844,05/12/2019
845,05/14/2019
846,09/14/2019
847,11/11/2019
848,06/19/2020
849,10/01/2020
850,11/02/2020
851,12/21/2015
852,04/05/2016
853,10/05/2016
854,11/14/2016
855,12/02/2016
856,08/21/2017
857,09/28/2017
858,04/24/2018
859,06/25/2018
860,11/06/2018
861,02/01/2019
862,02/13/2019
863,04/01/2019
864,07/15/2019
865,08/12/2019
866,08/27/2019
867,12/01/2019
868,04/18/2020
869,08/21/2020
870,10/07/2020
871,11/02/2020
872,12/02/2020
873,01/18/2021
874,02/23/2021
875,03/03/2021
876,11/29/2015
877,12/05/2015
878,06/16/2016
879,09/04/2016
880,12/22/2016
881,02/17/2017
882,04/07/2017
883,04/18/2017
884,09/08/2017
885,03/05/2018
886,03/13/2018
887,06/10/2018
888,06/30/2018
889,08/10/2018
890,09/13/2018
891,10/14/2018
892,12/29/2018
893,04/08/2019
894,08/19/2019
895,12/23/2019
896,03/19/2020
897,06/15/2020
898,11/26/2020
899,01/09/2021
900,02/01/2021
901,02/09/2016
902,05/28/2016
903,06/11/2016
904,11/20/2016
905,01/18/2017
906,04/04/2017
907,08/02/2017
908,08/10/2017
909,01/07/2018
910,04/22/2018
911,04/25/2018
912,07/06/2018
913,07/10/2018
914,10/22/2018
915,10/31/2018
916,11/20/2018
917,11/30/2018
918,12/13/2018
919,01/04/2019
920,03/24/2019
921,04/20/2019
922,04/28/2019
923,03/22/2020
924,05/19/2020
925,10/08/2020
926,01/19/2016
927,03/20/2016
928,05/07/2016
929,08/11/2016
930,09/28/2016
931,10/29/2016
932,12/13/2016
933,04/11/2017
934,06/27/2017
935,10/14/2017
936,01/18/2018
937,05/08/2018
938,05/16/2018
939,06/03/2018
940,11/10/2018
941,12/06/2018
942,06/13/2019
943,06/16/2019
944,10/01/2019
945,10/18/2019
946,05/21/2020
947,06/09/2020
948,11/27/2020
949,11/30/2020
950,12/02/2020
